initial_name,capacity,number_of_nodes,highest_dist,lowest_dist,mean_dist,median_dist,25th_dist,75th_dist,sd_dist,highest_demand,lowest_demand,mean_demand,median_demand,25th_demand,75th_demand,sd_demand,original_objective,10x_split_objective,rounded_split_objective,split_in_10x,split_in_rounded,num_of_10x_splits,num_of_rounded_splits
p01_1,160,50,68.62215386,6.08276253,41.32403053,43.83491722,31.41895483,49.20615447,14.36956856,80,20,48.94,47.5,35.25,65,16.90492236,1727.34,1687.42,1690.24,yes,yes,4,5
p01_10,160,50,68.62215386,10.29563014,40.21870007,40.18078292,27.09015357,52.46665202,14.95981833,80,21,55.48,57.5,41.5,71.75,18.22442317,1836.38,1803.56,1785.77,yes,yes,5,4
p01_11,160,50,63.65532185,3.605551275,36.99035439,40.06795212,28.6131009,47.58816078,13.87565068,78,20,48.58,49,33.25,63.75,17.78661294,1519.28,1485.75,1481.97,yes,yes,6,4
p01_12,160,50,67.2086304,7.280109889,42.05643078,44.09186587,33.58379459,50.86020844,13.96483549,80,22,56.14,59,46.25,69.5,16.45722941,1921.19,1856.2,1860.75,yes,yes,5,5
p01_13,160,50,64.35060217,7.071067812,36.9801079,39.26668921,26.38127925,48.22337044,14.79701387,79,21,49.5,50,32.25,65,17.76879287,1578.97,1532.1,1534.12,yes,yes,6,7
p01_14,160,50,69.3108938,15.29705854,42.88749731,44.07894679,35.60858289,50.39167572,13.33726263,80,21,50.12,56,30,68.75,19.66686554,1743.65,1708.8,1708.29,yes,yes,6,5
p01_15,160,50,67.89698079,4.472135955,33.17839367,33.99994911,22.38856109,46.37578233,14.91020435,80,22,52.12,51,37,69,17.60527194,1485.13,1430.5,1418.58,yes,yes,5,7
p01_16,160,50,65.7951366,12.04159458,40.97096705,41.14606507,32.43677324,48.66183563,12.34827351,80,25,55.24,55.5,46,66,14.72489049,1893.02,1841.33,1818.5,yes,yes,7,9
p01_17,160,50,62.62587325,4,38.29846844,42.14352234,26.78098928,49.8794184,14.4612349,80,20,48.64,47,36,64.75,16.84251763,1567.63,1524.08,1523.92,yes,yes,8,7
p01_18,160,50,67.17886572,4.123105626,37.6004747,38.97472173,24.43616626,49.67141863,15.33245912,80,20,50.56,50,39.25,63.25,15.6194238,1619.23,1574.33,1580.49,yes,yes,9,4
p01_19,160,50,62.62587325,3.16227766,39.14826143,42.58499464,29.25416551,48.9794724,14.96307546,78,22,48.66,49,37.5,61,15.93939773,1607.05,1579.09,1565.46,yes,yes,8,5
p01_2,160,50,62.93647591,5,36.44389894,38.15815265,24.23834019,47.29670671,14.38548677,80,20,48.24,45,36,64,17.03239267,1454.2,1429.36,1423.44,yes,yes,3,3
p01_20,160,50,66.48308055,1,33.75980605,36.91178362,22.30283484,43.6690485,15.48662312,79,20,49.56,45,35.25,65,17.45183085,1478.51,1446.77,1441.24,yes,yes,9,10
p01_21,160,50,69.29646456,8.544003745,37.77216754,38.19685627,25.00484504,49.32996138,16.19207706,80,21,47.94,41.5,34,65,18.30563848,1597.08,1554.52,1545.8,yes,yes,6,6
p01_22,160,50,69.29646456,11.04536102,39.38721969,41.3146583,29.39445173,49.89455526,14.65902198,80,20,49.14,50,32.5,66,17.19768589,1667.61,1620.4,1612.94,yes,yes,9,7
p01_23,160,50,62.22539674,2,40.74452577,43.48912589,34.20729059,48.40161379,13.30051202,78,20,46.18,46,36.25,53.75,15.02090543,1576.85,1559.54,1567.56,yes,yes,4,5
p01_24,160,50,67.94115101,5,36.82654919,38.29587232,27.92764401,48.61128954,15.81914267,80,23,54.96,56.5,46.25,69,16.58186962,1723.09,1680.76,1674.08,yes,yes,7,13
p01_25,160,50,67.2086304,6.708203932,42.28510866,45.10556829,32.34548972,55.10090345,15.94269694,79,21,51.8,54,38,66,17.05520448,1814.57,1772.12,1773.9,yes,yes,5,7
p01_26,160,50,59.81638571,2.236067977,38.13029089,41.64731803,26.10073338,49.84380572,14.66631912,80,20,47.92,47,32,62.5,18.70383918,1589.07,1561.86,1592.8,yes,yes,3,4
p01_27,160,50,66.48308055,7.211102551,36.27319678,37.99739202,26.36234133,46.38901531,14.69133061,80,21,48.72,46.5,32,66.75,18.29321186,1598.71,1561.6,1558.15,yes,yes,7,5
p01_28,160,50,67.94115101,1.414213562,40.66353765,41.10960958,33.58418689,50.20743966,15.03185636,80,22,48.9,48.5,32,63.75,17.60482888,1631.32,1600.34,1595.77,yes,yes,7,5
p01_29,160,50,65.19202405,7.211102551,37.65530436,38.70429341,28.19567761,47.79608206,15.0538385,78,20,51.34,50,38.25,65,16.66686533,1643.16,1598.77,1587.9,yes,yes,7,9
p01_3,160,50,63.65532185,5.099019514,34.92873458,37.69215087,23.31298996,47.08400991,15.19945724,80,23,53.2,54.5,36.5,66.75,17.03760547,1534.52,1520.02,1515.49,yes,yes,5,6
p01_30,160,50,67.2086304,2,38.40583664,43.62203295,27.75197135,49.95491871,16.43933429,78,20,48.7,48,31,63.75,17.5934647,1613.58,1581.43,1585.37,yes,yes,7,8
p01_4,160,50,70.00714249,5.385164807,38.17250404,39.31540757,26.67953233,47.66544565,14.81822983,79,20,52.06,52,38.25,69.75,17.03691287,1670.36,1615.32,1612.97,yes,yes,5,8
p01_5,160,50,66.46803743,7.071067812,40.05197927,44.54049583,28.609435,51.31242918,14.78644504,78,20,52.2,52.5,37.25,64.75,16.73798076,1747.18,1703.4,1717.55,yes,yes,9,6
p01_6,160,50,65.06919394,5,40.09672931,42.91227143,30.19847384,52.45946657,15.91390268,80,21,49.1,47,32.25,66.75,18.66788686,1682.36,1618.6,1630.63,yes,yes,7,9
p01_7,160,50,63.89053138,2.236067977,36.99651189,40.07318166,22.54438988,50.2016073,16.55409641,79,22,49.14,49,34.5,62,17.05521621,1639.28,1602.67,1595.06,yes,yes,5,6
p01_8,160,50,65.94694838,5.385164807,37.19070064,38.76828437,27.22807827,48.66894092,14.7956678,80,20,53.66,58,36.25,67.5,18.47875537,1701.53,1652.02,1690.18,yes,yes,9,15
p01_9,160,50,67.88225099,6.32455532,41.871127,43.19934576,32.21772839,52.90688335,14.59961382,80,22,50.54,51,37.5,59,16.19161511,1729.33,1697.86,1702,yes,yes,4,5
p02_1,140,75,67.2086304,2.236067977,39.3422132,41.67733197,28.25493706,49.86966023,13.56823229,70,18,45.82666667,47,31.5,60,15.79145198,2423.33,2367.11,2366.75,yes,yes,13,13
p02_10,140,75,67.17886572,5.656854249,40.47769318,42.72001873,31.98398914,48.02603207,12.94332601,69,17,45.96,50,34.5,57,14.36610826,2596.62,2518.04,2512.09,yes,yes,13,12
p02_11,140,75,67.88225099,11.04536102,38.07176084,41.23105626,28.76921036,47.78063467,12.93036581,68,17,40.88,41,26,54,15.92562715,2173.13,2140.83,2139.94,yes,yes,10,10
p02_12,140,75,67.17886572,0,38.91426904,40.79215611,27.75681649,49.09610133,14.10152469,69,18,43.08,42,32,53,13.56049163,2324.89,2306.21,2297.63,yes,yes,5,9
p02_13,140,75,61.61980201,1,36.34703207,36.138622,26.51390574,47.57385123,13.23127331,70,17,42.04,39,28.5,54.5,15.77545773,2166.21,2141.41,2145.51,yes,yes,4,8
p02_14,140,75,65.11528238,5.830951895,38.39134666,36.68787266,28.74711226,48.05723471,12.53998279,70,17,42.94666667,44,28.5,58.5,15.91635916,2317.86,2268.04,2282.56,yes,yes,7,14
p02_15,140,75,67.26812024,4.242640687,37.79472879,38.89730068,26.24824962,49.52759611,14.82785022,70,17,44.53333333,45,28,60,17.11867077,2338.21,2300.07,2310.95,yes,yes,15,10
p02_16,140,75,70.00714249,8.602325267,40.14259517,40.49691346,31.39024858,50.80161257,14.19901592,69,17,40.13333333,37,30.5,49.5,13.75047474,2259.22,2248.33,2249.47,yes,yes,8,17
p02_17,140,75,62.80127387,8.94427191,36.17087118,37.44329045,28.11579669,45.84731932,12.35157527,70,17,46.02666667,48,36,59,14.2678878,2284.58,2240.41,2234.22,yes,yes,13,11
p02_18,140,75,69.3108938,3,37.43810244,40.71854614,25.28748499,50.20941864,15.99172137,68,17,43,44,29,55,14.86741403,2279.24,2259.75,2270.35,yes,yes,12,16
p02_19,140,75,69.29646456,5,41.01338323,43.10452412,31.99149077,49.92530636,13.39585991,70,17,38.92,36,23,50,16.18951101,2202.89,2198.76,2169.57,yes,yes,6,6
p02_2,140,75,65.7951366,6.708203932,39.74596313,41.76122604,29.18388981,50.11724207,14.63438013,69,17,43.26666667,43,27.5,58.5,16.35141856,2411.12,2397.21,2374.98,yes,yes,10,5
p02_20,140,75,64.5368112,2.236067977,37.66540767,40,28.8347915,46.61544808,14.79269184,70,17,39.84,37,28,53,15.59148486,2160.52,2138.64,2116.91,yes,yes,12,9
p02_21,140,75,66.48308055,3.605551275,38.50103602,41.03656906,27.36630306,49.58032784,15.0014519,70,18,46.46666667,48,33,59,15.5754793,2518.3,2501.26,2485.41,yes,yes,4,16
p02_22,140,75,63.12685641,1.414213562,38.19722936,41.10960958,29.06021978,49.33105012,14.30798155,70,17,43.12,39,28,58,16.05238092,2315.36,2291.23,2306.71,yes,yes,9,14
p02_23,140,75,67.89698079,1,39.40960377,43,30.08078862,49.61349369,14.64797361,68,17,44,46,33,55.5,14.08166657,2436.96,2359.69,2362.3,yes,yes,13,10
p02_24,140,75,70.00714249,1.414213562,38.93573653,40.01249805,31.32085443,48.0780545,15.38034743,70,18,41.77333333,39,29.5,54,15.40266066,2349.45,2305.96,2291.74,yes,yes,11,15
p02_25,140,75,64.5368112,9.486832981,39.45190783,41.88078318,27.02771113,49.78777052,14.53915295,69,18,39.02666667,38,25.5,50.5,15.24027413,2186.21,2145.14,2171.22,yes,yes,10,6
p02_26,140,75,65.11528238,2.236067977,38.0097545,39.66106403,27.90143877,48.9282461,12.8231001,70,17,43.52,43,28,56,16.21715964,2287.21,2212.32,2226.96,yes,yes,10,9
p02_27,140,75,67.89698079,6.32455532,39.36510455,40.19950248,29.9123475,49.49747056,13.43485058,70,17,41.64,38,26,58,16.71218318,2297.49,2255.61,2250.7,yes,yes,11,12
p02_28,140,75,64.44377394,5,37.88624528,39.20459157,27.14593808,48.882345,14.73111509,70,17,43.42666667,41,28,60,16.72138219,2222.18,2213.49,2180.79,yes,yes,6,14
p02_29,140,75,68.62215386,4.123105626,39.24947546,41.86884283,26.92582404,49.12658814,14.56246349,70,17,42.34666667,41,28,57,16.65692515,2306.23,2247.5,2256.44,yes,yes,11,9
p02_3,140,75,63.78087488,7.810249676,37.5764491,38.07886553,26.50131683,47.23307838,15.33874636,69,19,45.10666667,44,34,59,14.60098018,2328.17,2278.36,2313.37,yes,yes,16,8
p02_30,140,75,68.59300256,8.246211251,37.98344077,39.92492956,28.3979489,46.93606757,13.1956392,70,17,45.14666667,46,29.5,60,16.79181811,2418.56,2377.42,2388.55,yes,yes,14,11
p02_4,140,75,65.76473219,11.40175425,40.2809299,40.16217126,30.12454748,51.18057916,13.96209224,70,17,42.29333333,44,27,54,16.10529796,2369.34,2331.43,2341.24,yes,yes,12,6
p02_5,140,75,69.3108938,4.242640687,37.85671179,40.44749683,25.77351539,49.96997497,16.81436011,70,18,44.74666667,48,32,58,15.42214281,2389.07,2311.38,2299.34,yes,yes,20,20
p02_6,140,75,65.19202405,9.899494937,40.41729362,41.86884283,32.89959073,49.32032257,12.37049083,70,17,44.42666667,45,31,57,14.90787115,2480.85,2394.15,2389.36,yes,yes,10,14
p02_7,140,75,66.52818951,9.486832981,39.24320774,39.69886648,29.84939281,48.41487375,12.45300417,70,18,42.88,41,30.5,54.5,15.92813862,2331.99,2319.86,2321.39,yes,yes,12,10
p02_8,140,75,67.88225099,12.04159458,40.19326804,40.31128874,29.66490786,52.8108615,14.29013194,70,17,45.29333333,46,33,57,14.5022052,2516.22,2439.77,2475.93,yes,yes,10,16
p02_9,140,75,70.71067812,10.19803903,40.57970383,40.85339643,31.08047392,49.14770462,13.96785489,70,17,42.74666667,43,30.5,55,15.57527385,2382.81,2344.89,2347.22,yes,yes,12,10
p03_1,200,100,67.2086304,5,36.07034163,34.9983205,25.59778282,46.810329,14.58082489,95,25,59.82,58,44,75.25,19.7991818,2790.51,2710.97,2710.97,yes,yes,12,12
p03_10,200,100,69.3108938,10.04987562,40.98375603,42.71355634,31.6227766,50.27663684,13.61329283,100,25,62.96,63,47,80,20.78120305,3245.77,3145.18,3149.58,yes,yes,32,33
p03_11,200,100,66.48308055,10.77032961,41.03653377,43.84062043,32.46376964,50.30893914,13.07068843,100,26,68.98,74,51.75,85.25,20.19206775,3565.06,3481.03,3481.03,yes,yes,31,31
p03_12,200,100,66.48308055,2.236067977,40.27435773,40.40369175,30.08321791,50.38103319,14.49538234,99,25,61.69,61,44,82,21.96346739,3073.67,3039.82,3039.82,yes,yes,20,20
p03_13,200,100,62.36986452,6.08276253,36.03868906,39.55760722,24.16390535,46.79176443,15.6519293,99,25,62.16,63.5,46,80,20.45126891,2844.51,2761.47,2761.47,yes,yes,17,17
p03_14,200,100,70.00714249,6.32455532,39.49462078,40.91848334,29.56277405,50.29903183,15.4163851,100,25,59.99,59.5,37,80,23.45143706,3033.54,3008.29,3008.29,yes,yes,14,14
p03_15,200,100,66.60330322,3,36.69374464,38.70937271,27.63248974,46.49462125,14.028154,100,25,62.2,61,42,83.25,22.91549694,2924.94,2837.03,2837.03,yes,yes,18,18
p03_16,200,100,67.88225099,6.32455532,37.63541957,40.06866722,29.22143615,46.45264466,13.63177147,100,25,66.23,71,46,84.5,22.92328729,3156.61,3080.45,3080.45,yes,yes,21,21
p03_17,200,100,70.00714249,4.123105626,38.64110023,39.5916532,25.05990431,51.04889483,15.27630101,100,25,66.73,68.5,48.75,87,22.24268644,3208.9,3148.43,3148.43,yes,yes,21,21
p03_18,200,100,66.48308055,3.16227766,39.90975993,41.17625218,31.71317679,49.54278075,14.97968833,100,25,64.98,66,43.75,85.25,22.42988185,3233.57,3140.13,3140.13,yes,yes,24,24
p03_19,200,100,67.2086304,7.280109889,35.80556653,34.9416384,24.15048757,48.11963499,14.81962905,100,26,64.03,65,45.75,84,21.34125348,2980.19,2894.62,2894.62,yes,yes,22,22
p03_2,200,100,67.26812024,5,39.18118949,41.46562303,28.19122574,50.33877844,14.99081019,100,25,63.28,64,48.5,79,20.54559807,3135.62,3105.19,3105.19,yes,yes,14,14
p03_20,200,100,64.66065264,3.16227766,37.62072451,39.16627877,27.95961058,48.78011164,14.4153074,100,25,64.79,67.5,47.75,84,22.76281837,3067.97,3014.97,3014.97,yes,yes,20,20
p03_21,200,100,65.19202405,8.062257748,39.89756065,43.39217098,31.19283638,50.32891813,12.64613199,100,25,58.24,53.5,38.75,77.75,23.35984589,2997.4,2951.46,2951.46,yes,yes,6,6
p03_22,200,100,69.3108938,5.099019514,38.97999005,40.58234259,29.52927993,49.25183284,14.58904986,100,25,61.83,59,43.75,81.5,21.91394761,3017.69,2945.7,2945.7,yes,yes,16,16
p03_23,200,100,70.71067812,10.04987562,39.30904685,39.78753554,29.78505601,49.43667673,14.54231191,100,25,63.65,62,47.75,85,22.51194128,3153.13,3139.46,3139.46,yes,yes,25,25
p03_24,200,100,69.3108938,5.830951895,38.33261767,41.4081573,25.98144628,50.24686812,15.24665283,100,25,62.78,62,44,81,21.98707802,3048.1,2950.15,2950.15,yes,yes,25,25
p03_25,200,100,68.62215386,4.472135955,39.77630464,42.88337149,32.14136135,48.56370607,13.96372404,97,25,60.76,61.5,42,80,20.91847031,3085.43,3019.07,3019.07,yes,yes,22,22
p03_26,200,100,69.3108938,8.602325267,39.65712245,41.05710878,28.66533789,50.43458236,14.12206215,100,26,58.79,59,39.75,77.25,21.39265996,2973.95,2935.01,2935.01,yes,yes,17,17
p03_27,200,100,67.2086304,6.32455532,39.62669387,41.46666095,30.04525452,50.50741356,15.48338247,100,25,61.19,61.5,46,77.25,20.96792551,3048.24,2958.66,2958.66,yes,yes,17,17
p03_28,200,100,63.41135545,4,39.80818962,40.37939279,30.45077248,49.36282904,13.26152478,100,25,63.97,63.5,46.75,85,22.45103784,3170.5,3083.55,3083.55,yes,yes,17,17
p03_29,200,100,67.17886572,4.123105626,39.16130296,40.80441153,28.75754446,51.49839999,14.07772533,100,25,64.91,64.5,46,85.25,22.1047936,3147.2,3073.59,3073.59,yes,yes,19,19
p03_3,200,100,66.52818951,6.708203932,37.58260979,38.92299243,27.01388413,49.04079934,14.56562533,100,25,67.01,66,50,88.25,22.56169098,3178.93,3098.04,3098.04,yes,yes,20,20
p03_30,200,100,67.88225099,1.414213562,38.03689013,41.54994954,26.00479524,49.45945869,14.79712773,100,25,58.46,60.5,40,73.25,21.61176531,2830.04,2740.99,2740.99,yes,yes,17,17
p03_4,200,100,68.59300256,3.16227766,38.57883129,40.31128874,28.5697243,49.6682193,14.73240566,98,25,61.62,61,43.75,80,21.41437835,3057.47,2994.46,2994.46,yes,yes,22,22
p03_5,200,100,66.60330322,6.403124237,39.86500446,40.15564437,30.75375566,50.72226136,14.34787161,99,25,65.57,66.5,47,86,22.09445858,3230.05,3188.16,3188.16,yes,yes,24,24
p03_6,200,100,62.20128616,6.32455532,37.94060654,38.56067756,29.06665308,48.8466187,13.51186054,100,25,62.01,61.5,47,78.25,20.13628317,2936.22,2896.47,2896.47,yes,yes,23,23
p03_7,200,100,67.88225099,6.403124237,40.03891075,42.30222419,28.60239803,51.495137,14.82651765,100,25,64.11,65,44.75,84.25,23.06247818,3229.15,3133.18,3133.18,yes,yes,19,19
p03_8,200,100,65.94694838,2.828427125,38.23757563,38.32753579,29.91604298,47.0982833,13.62563062,100,26,58.93,56,40.5,83,21.74684115,2870.4,2802.97,2802.97,yes,yes,12,12
p03_9,200,100,67.2086304,3.16227766,38.42458518,40.60788101,27.75332433,48.90028405,14.74215906,100,25,59.9,57.5,42,78.25,21.59884256,2928.6,2878.05,2878.05,yes,yes,21,21
p04_1,200,150,68.59300256,1.414213562,38.62484042,39.86849402,27.51108002,49.58819409,14.19865143,100,27,63.82,65,45,86,22.57640952,4505.11,4405.16,4405.16,yes,yes,32,32
p04_10,200,150,62.80127387,1.414213562,37.31133745,39.93110787,28.33279275,47.83041228,13.71072929,99,26,64.04666667,65.5,45.75,82,21.8785547,4385.05,4296.8,4296.8,yes,yes,36,36
p04_11,200,150,70.00714249,4,39.2552898,40.08115551,28.07824683,50.1422884,14.87085145,100,25,61.98666667,61.5,41,83,23.55730224,4502.6,4401.4,4401.4,yes,yes,30,30
p04_12,200,150,67.94115101,6.403124237,36.79649925,39.70204703,25.48034926,47.42889327,14.56082564,99,25,60.52666667,59.5,41.25,79,22.14940079,4145.09,4109.02,4109.02,yes,yes,45,45
p04_13,200,150,65.29931087,0,37.50800334,39.05124838,26.68262343,49.39869918,14.50343703,100,25,62.64666667,62,45.25,80.75,21.75657346,4346.82,4250.79,4250.79,yes,yes,35,35
p04_14,200,150,64.35060217,7.211102551,38.50224683,38.19677776,29.5634765,49.92736414,13.84739407,100,26,61.53333333,60,46.25,75.5,20.39727651,4331.65,4276.72,4276.72,yes,yes,30,30
p04_15,200,150,65.7951366,1.414213562,38.53438826,39.21721047,28.5406028,51.50657421,15.26393096,100,25,65.63333333,68,47.75,83.75,21.14786567,4577.01,4475.8,4467.73,yes,yes,40,32
p04_16,200,150,69.3108938,9,39.04281466,41.17037054,28.33718887,48.93344793,13.14883861,100,25,63.48,63,44.75,82,21.47268653,4521.95,4395.48,4395.48,yes,yes,32,32
p04_17,200,150,70.00714249,6,40.95943664,42.60676101,32.68353322,50.4479667,14.10878745,100,25,59.4,59.5,43,73.75,20.17919721,4424.42,4350.57,4350.57,yes,yes,37,37
p04_18,200,150,68.62215386,1.414213562,39.2044438,40.4288928,28.12457108,50.58372009,15.1856814,100,25,63.73333333,63,47,80.75,20.78835144,4630.14,4516,4516,yes,yes,36,36
p04_19,200,150,67.26812024,4.123105626,38.13092267,40.11810915,27.89222208,49.07901296,14.15742689,100,25,58.63333333,55,40,77,22.10743967,4104.8,3976.84,3976.84,yes,yes,38,38
p04_2,200,150,69.29646456,4,40.24146784,41.73105576,31.88582801,49.61344393,13.72021378,100,25,63.04666667,60.5,43,84,22.4731949,4632.27,4526.28,4526.28,yes,yes,26,26
p04_20,200,150,63.2534584,4.123105626,38.18690806,40.28025617,29.99579057,48.12478374,13.14813242,100,25,63.96,65,45,82.75,22.306316,4481.75,4369.31,4369.31,yes,yes,36,36
p04_21,200,150,65.11528238,5.099019514,36.61638195,36.55783447,27.30394805,48.13779751,13.95208131,100,25,60.51333333,60,44,74.75,21.18796409,4032.22,4010.92,4010.92,yes,yes,28,28
p04_22,200,150,65.11528238,3,39.45566181,41.21085781,29.06888371,50.75423832,14.87494822,100,25,63.8,61.5,47,86,22.2905062,4587.7,4467.09,4467.09,yes,yes,30,30
p04_23,200,150,66.52818951,7.211102551,39.74690795,42.10103495,30.49179474,49.48458037,13.64783163,99,25,63.8,67,43.25,86,23.07032726,4570.12,4465.29,4465.29,yes,yes,27,27
p04_24,200,150,67.2086304,6.32455532,38.64179733,38.44444878,27.71713787,49.03825018,13.36605774,98,25,62.41333333,61.5,44.25,79.75,20.66178007,4337.53,4262.94,4262.94,yes,yes,34,34
p04_25,200,150,67.88225099,3.605551275,37.55903045,37.38979993,28.38536808,48.19641657,15.22736239,100,25,62.03333333,60,44.25,82,22.86202577,4255.69,4177,4177,yes,yes,28,28
p04_26,200,150,65.8559033,5,40.25260992,42.46095721,31.15592033,50.4106786,13.50656857,99,25,61,62,40.5,79.75,22.24709719,4463.53,4387.02,4373.55,yes,yes,38,32
p04_27,200,150,65.94694838,2.236067977,39.31602701,42.24294428,28.74413224,49.73680711,15.20559174,100,25,62.02,61.5,43,81,21.71127818,4519.76,4372.22,4372.22,yes,yes,36,36
p04_28,200,150,67.17886572,2.236067977,38.50809108,40.65707294,28.28346615,49.64876635,14.72979705,100,25,62.76,62,41.25,85,23.29454299,4476.13,4375.36,4375.36,yes,yes,37,37
p04_29,200,150,65.8559033,2.236067977,38.48292177,42.30222419,27.60432968,48.90753234,14.45399824,100,25,66.26,69,50.25,83.75,20.92986065,4688.12,4540.6,4540.6,yes,yes,30,30
p04_3,200,150,67.26812024,5,39.90331014,41.10057485,30.14076312,50.76164629,14.12300155,99,25,60.77333333,58,40,83,23.20406478,4403.77,4319.33,4319.33,yes,yes,30,30
p04_30,200,150,64.35060217,3.16227766,37.71159727,40.20569743,27.45906044,50.35126447,15.0455563,100,25,62.96,63,42,80.75,22.82772583,4342.16,4249.36,4249.36,yes,yes,33,33
p04_4,200,150,65.05382387,1.414213562,39.4318253,41.26740456,30.85841391,49.79958624,14.27297518,100,25,64.21333333,67,44,85,22.67967862,4627.81,4535.51,4535.51,yes,yes,47,47
p04_5,200,150,65.94694838,4.472135955,36.84439946,38.52916544,25.7862108,47.09547089,14.31841106,100,25,61.8,60.5,40,85,23.5643799,4206.76,4122.53,4122.53,yes,yes,38,38
p04_6,200,150,65.94694838,4.472135955,39.43357229,41.15213472,28.6879132,50.06743936,14.35502384,100,25,62.18666667,59.5,46.25,79,20.90721938,4538.22,4421.63,4421.63,yes,yes,32,32
p04_7,200,150,65.8559033,2,39.97817168,42.69060342,32.24464832,48.65925185,13.71832555,100,25,62.52666667,59.5,42.75,84.75,23.60866978,4562.76,4420.61,4420.61,yes,yes,39,39
p04_8,200,150,67.94115101,4.123105626,38.45310907,40.28025617,28.84537421,49.73680711,14.55695949,100,25,63.93333333,66,44,83,22.64263432,4447.08,4294.14,4294.14,yes,yes,35,35
p04_9,200,150,65.7951366,5.656854249,39.09259924,40.76674126,30.49993325,48.80828859,13.83842543,100,25,64.01333333,64,48,83,21.15497945,4573.5,4487.13,4487.13,yes,yes,34,34
p10_1,200,199,65.8559033,7.615773106,38.36122815,40.19950248,28.15106135,50.0049995,14.29003567,100,25,63.49748744,64,44,83,22.7029926,5762.84,5640.87,5640.87,yes,yes,52,52
p10_10,200,199,64.44377394,4.123105626,39.22019598,39.69886648,29.32504284,49.45701488,13.41612118,100,25,61.1758794,60,43,80,22.01790548,5735.23,5637.9,5637.9,yes,yes,51,51
p10_11,200,199,66.60330322,4.123105626,38.68462246,39.45883931,27.65863337,49.96497547,14.21717714,100,25,60.97487437,61,41.5,80.5,22.17550761,5661.64,5556.67,5556.67,yes,yes,52,52
p10_12,200,199,68.62215386,5,39.64069457,41.76122604,29.10308187,49.77447093,15.12136022,100,25,62.53266332,63,45,80,21.48875336,5900.63,5793.18,5793.18,yes,yes,44,44
p10_13,200,199,68.59300256,5,36.88686796,38.07886553,23.72578666,48.85538614,15.67404079,100,25,61.25628141,59,42.5,79.5,22.33796255,5379.34,5265.73,5274.8,yes,yes,53,52
p10_14,200,199,65.7951366,5,39.36806487,41.61730409,30.63446801,49.32032257,13.63006176,100,25,62.33165829,63,40,80,22.76492393,5880.92,5725.46,5725.46,yes,yes,57,57
p10_15,200,199,67.89698079,4,38.48197493,40.19950248,28.17800561,48.42001488,13.4986289,99,25,64.35678392,66,44,87,22.79730086,5960.99,5817.14,5817.14,yes,yes,62,62
p10_16,200,199,70.71067812,5.385164807,39.62515251,41.40048309,28.737182,50.78877614,14.46336741,100,25,62.44221106,64,42,84,22.53942224,5969.73,5843.68,5843.68,yes,yes,67,67
p10_17,200,199,70.71067812,5,39.01911534,39.3192065,28.73024947,50.48251848,14.99919915,100,25,63.45728643,66,45,81,21.18397362,5884.08,5695.8,5695.8,yes,yes,66,66
p10_18,200,199,67.26812024,2.236067977,40.1978749,41.23105626,30.73913089,51.17612063,14.21921694,100,25,64.06030151,65,43,83,22.58176393,5978.99,5862.37,5862.37,yes,yes,52,52
p10_19,200,199,67.94115101,2.828427125,38.34839122,38.60051813,28.64366776,48.54296826,13.48100791,100,25,61.98492462,62,45,80,20.74527915,5664.18,5555.43,5555.43,yes,yes,48,48
p10_2,200,199,65.94694838,2.236067977,38.05539919,40.11234224,27.5588469,49.16801992,14.46717511,100,25,61.8040201,62,42.5,82.5,22.57576376,5592.8,5481.77,5481.77,yes,yes,52,52
p10_20,200,199,68.59300256,4.123105626,38.14009004,39.84971769,30.17435491,48.21304618,13.69817741,100,25,63.23115578,65,41.5,82.5,23.3149042,5772.81,5666.54,5666.54,yes,yes,59,59
p10_21,200,199,67.94115101,4.472135955,39.59624259,41.78516483,31.45479168,48.58491579,14.19947218,100,25,61.32663317,60,45,77,20.4767019,5729.11,5645.61,5645.61,yes,yes,49,49
p10_22,200,199,70.00714249,4.472135955,37.97763029,39.62322551,28.26656591,49.24428901,14.92110238,100,25,61.51758794,61,42.5,80,22.33298577,5564,5474.64,5474.64,yes,yes,38,38
p10_23,200,199,68.62215386,5.830951895,38.67376226,41,27.37687428,49.69404341,14.60513477,100,26,60.84924623,59,43.5,77,20.61290485,5485.78,5390.54,5390.54,yes,yes,47,47
p10_24,200,199,67.26812024,1.414213562,36.30295638,37.65634077,25.39592679,46.88811359,14.59451542,100,25,62.63316583,62,41,81.5,22.57764059,5414.02,5293.29,5293.29,yes,yes,59,59
p10_25,200,199,70.71067812,10.19803903,38.4818698,38.83297568,30.61045573,47.55507733,13.06785415,100,25,63.68341709,65,46,82,21.68910702,5866.55,5717.47,5717.47,yes,yes,53,53
p10_26,200,199,64.5368112,4.472135955,38.024388,41.01219331,27.15660015,48.29594897,13.89353588,100,25,64.36180905,64,45,85,21.88457038,5798.36,5680.25,5680.25,yes,yes,42,42
p10_27,200,199,65.94694838,2.236067977,38.19143957,38.27531842,28.3979489,49.42616579,14.69272796,100,25,64.04020101,65,44,84,22.89584,5858.9,5713.67,5713.67,yes,yes,51,51
p10_28,200,199,70.71067812,1.414213562,38.58628803,38.58756276,28.99958484,48.65684287,14.75130125,100,25,66.48241206,68,46.5,85,22.07316391,6104.09,5962.94,5962.94,yes,yes,69,69
p10_29,200,199,70.00714249,2.236067977,38.45373279,40.31128874,26.78533026,49.64876635,15.00565664,100,25,59.25125628,59,41,76,20.70387495,5533.08,5405.47,5405.47,yes,yes,36,36
p10_3,200,199,68.59300256,5.385164807,37.4721433,39.2173431,27.3860305,48.17148758,13.88699128,100,25,61.74371859,61,42,81,22.23198041,5477.6,5369.39,5369.39,yes,yes,43,43
p10_30,200,199,70.00714249,2.236067977,39.06130288,41.14608122,29.02855555,49.38116816,13.99707593,100,25,63.08542714,62,44,83.5,22.43153153,5880.35,5719.14,5719.14,yes,yes,48,48
p10_4,200,199,68.62215386,2,39.69124793,41.10960958,30.95952374,49.10189678,13.6937727,100,25,62.30653266,62,44.5,82,22.24558016,5914.23,5787.49,5787.49,yes,yes,51,51
p10_5,200,199,68.62215386,5,38.68480304,40.44749683,28.73008078,50.04995907,14.87159728,100,25,64.87939698,65,47.5,84.5,21.51931533,6037.68,5906.33,5906.33,yes,yes,53,53
p10_6,200,199,67.26812024,4.242640687,39.9827485,43.01162634,31.35279431,50.13980058,14.29175268,100,25,60.79396985,57,42.5,81.5,22.4517968,5822.92,5728.41,5728.41,yes,yes,42,42
p10_7,200,199,65.76473219,3.16227766,38.3616497,39.96248241,27.95525141,49.76872935,14.58184019,100,25,62.15075377,62,41.5,83,22.71446945,5690.8,5572.89,5572.89,yes,yes,57,57
p10_8,200,199,67.26812024,3.16227766,38.10148369,39.81205847,27.46689513,49.91483691,14.64540869,100,26,64.59798995,68,48,83,20.9411522,5815.79,5683.61,5683.61,yes,yes,53,53
p10_9,200,199,64.44377394,5,38.78152259,40.60788101,29.99124732,48.21292126,13.11213861,100,25,60.00502513,59,42,79,20.90646734,5573.58,5459.04,5459.04,yes,yes,55,55
p01_00,160,50,43.93176527,2.236067977,24.02347639,24.86931688,17.21915703,31.20836417,9.376170963,41,3,15.54,15,9.25,20.5,7.980501237,526.97,524.92,524.81,no,no,0,0
p01_1030,160,50,43.93176527,2.236067977,24.02347639,24.86931688,17.21915703,31.20836417,9.376170963,45,17,32.22,32.5,25,40.75,8.720756848,783.49,773.24,776.25,yes,yes,4,5
p01_1050,160,50,43.93176527,2.236067977,24.02347639,24.86931688,17.21915703,31.20836417,9.376170963,74,18,48.94,49.5,34.25,65.75,17.42,1046.16,1028.66,1044.24,yes,yes,7,4
p01_1090,160,50,43.93176527,2.236067977,24.02347639,24.86931688,17.21915703,31.20836417,9.376170963,132,20,82.44,83.5,52.5,116.5,34.83627994,1681.44,1520.74,1517.3,yes,yes,11,15
p01_110,160,50,43.93176527,2.236067977,24.02347639,24.86931688,17.21915703,31.20836417,9.376170963,14,1,8.34,8.5,5,12,4.032914579,459.5,459.5,459.5,no,no,0,0
p01_3070,160,50,43.93176527,2.236067977,24.02347639,24.86931688,17.21915703,31.20836417,9.376170963,106,50,80.94,81.5,66.25,97.75,17.42,1699.43,1532.96,1526.65,yes,yes,14,19
p01_7090,160,50,43.93176527,2.236067977,24.02347639,24.86931688,17.21915703,31.20836417,9.376170963,141,113,128.22,128.5,121,136.75,8.720756848,2402.34,2219.62,2217.15,yes,yes,33,33
p02_00,140,75,43.26661531,3,24.20571192,23.60084744,16.97999412,31.95302931,10.08580737,37,1,18.18666667,18,12,24,7.907284967,849.54,850.03,851.92,no,yes,0,5
p02_1030,140,75,43.26661531,3,24.20571192,23.60084744,16.97999412,31.95302931,10.08580737,41,14,28.69333333,29,22,36.5,7.978259348,1141.78,1139.99,1133.08,yes,yes,6,9
p02_1050,140,75,43.26661531,3,24.20571192,23.60084744,16.97999412,31.95302931,10.08580737,69,15,43.93333333,45,30.5,59.5,16.04521389,1547.91,1524.52,1528.66,yes,yes,10,7
p02_1090,140,75,43.26661531,3,24.20571192,23.60084744,16.97999412,31.95302931,10.08580737,125,17,74.4,76,47.5,105,31.97082003,2517.7,2372.03,2364.66,yes,yes,24,28
p02_110,140,75,43.26661531,3,24.20571192,23.60084744,16.97999412,31.95302931,10.08580737,13,1,7.613333333,8,4.5,11,3.741277263,623.8,622.67,627.36,no,no,0,0
p02_3070,140,75,43.26661531,3,24.20571192,23.60084744,16.97999412,31.95302931,10.08580737,97,43,71.93333333,73,58.5,87.5,16.04521389,2505.89,2298.78,2282.37,yes,yes,19,22
p02_7090,140,75,43.26661531,3,24.20571192,23.60084744,16.97999412,31.95302931,10.08580737,125,98,112.6933333,113,106,120.5,7.978259348,3630.85,3294.58,3302.07,yes,yes,47,52
p03_00,200,100,49.92995093,4.472135955,24.94711311,24.8794184,18.02775638,31.68969181,9.484806148,41,1,14.58,13,8,19.25,8.826301604,830.09,829.6,829.6,no,no,0,0
p03_1030,200,100,49.92995093,4.472135955,24.94711311,24.8794184,18.02775638,31.68969181,9.484806148,59,21,42.23,45,32.75,52,11.19540531,1498.78,1505.59,1505.59,yes,yes,10,10
p03_1050,200,100,49.92995093,4.472135955,24.94711311,24.8794184,18.02775638,31.68969181,9.484806148,99,22,64.84,70,45.75,84,22.40880184,2079.53,2054.31,2063.41,yes,yes,21,21
p03_1090,200,100,49.92995093,4.472135955,24.94711311,24.8794184,18.02775638,31.68969181,9.484806148,179,25,110.21,121,71.5,149,44.85538875,3467.58,3168.01,3168.01,yes,yes,46,46
p03_110,200,100,49.92995093,4.472135955,24.94711311,24.8794184,18.02775638,31.68969181,9.484806148,19,2,11.69,13,7,16,5.072859154,771.59,772.07,772.07,yes,yes,2,2
p03_3070,200,100,49.92995093,4.472135955,24.94711311,24.8794184,18.02775638,31.68969181,9.484806148,139,62,104.84,110,85.75,124,22.40880184,3505.37,3074.77,3074.77,yes,yes,34,34
p03_7090,200,100,49.92995093,4.472135955,24.94711311,24.8794184,18.02775638,31.68969181,9.484806148,179,141,162.23,165,152.75,172,11.19540531,4989.42,4510.76,4510.76,yes,yes,72,72
p04_00,200,150,49.92995093,4.472135955,24.53500589,24.67779228,18.00693909,31.52733213,9.546036826,41,1,14.9,14,9,19.75,8.56562899,1043.01,1053.23,1053.23,yes,yes,3,3
p04_1030,200,150,49.92995093,4.472135955,24.53500589,24.67779228,18.00693909,31.52733213,9.546036826,59,20,42.21333333,44,33.25,51,10.80221376,2088.81,2079.78,2079.78,yes,yes,39,39
p04_1050,200,150,49.92995093,4.472135955,24.53500589,24.67779228,18.00693909,31.52733213,9.546036826,99,21,64.84,68.5,47.25,83,21.61174989,3007.53,2917.6,2917.6,yes,yes,31,31
p04_1090,200,150,49.92995093,4.472135955,24.53500589,24.67779228,18.00693909,31.52733213,9.546036826,179,22,110.2266667,118,74.5,146.75,43.26124465,5221.11,4667.35,4667.35,yes,yes,75,75
p04_110,200,150,49.92995093,4.472135955,24.53500589,24.67779228,18.00693909,31.52733213,9.546036826,19,2,11.70666667,13,8,16,4.879271348,929.55,935.92,935.92,no,no,0,0
p04_3070,200,150,49.92995093,4.472135955,24.53500589,24.67779228,18.00693909,31.52733213,9.546036826,139,61,104.84,108.5,87.25,123,21.61174989,5219.17,4474.96,4474.96,yes,yes,70,70
p04_7090,200,150,49.92995093,4.472135955,24.53500589,24.67779228,18.00693909,31.52733213,9.546036826,179,140,162.2133333,164,153.25,171,10.80221376,7360.5,6563.5,6563.5,yes,yes,145,145
p05_00,200,199,49.92995093,2.236067977,24.14172858,24.35159132,17.64867475,31.08857375,9.30424101,41,1,16.01005025,15,9,21,8.484090905,1317.92,1327.53,1327.53,yes,yes,7,7
p05_1030,200,199,49.92995093,2.236067977,24.14172858,24.35159132,17.64867475,31.08857375,9.30424101,59,20,40.99497487,42,32,51,11.21354954,2540.69,2539.25,2539.25,yes,yes,46,46
p05_1050,200,199,49.92995093,2.236067977,24.14172858,24.35159132,17.64867475,31.08857375,9.30424101,99,20,62.4321608,65,44,82,22.46189785,3614.73,3555.94,3555.94,yes,yes,51,51
p05_1090,200,199,49.92995093,2.236067977,24.14172858,24.35159132,17.64867475,31.08857375,9.30424101,179,20,105.3969849,111,69,144,44.94271274,6261.56,5648.83,5648.83,yes,yes,105,105
p05_110,200,199,49.92995093,2.236067977,24.14172858,24.35159132,17.64867475,31.08857375,9.30424101,19,2,11.16080402,12,7,15,5.056889559,1095.25,1116.79,1116.79,yes,yes,6,6
p05_3070,200,199,49.92995093,2.236067977,24.14172858,24.35159132,17.64867475,31.08857375,9.30424101,139,60,102.4321608,105,84,122,22.46189785,6306.07,5556.46,5556.46,yes,yes,92,92
p05_7090,200,199,49.92995093,2.236067977,24.14172858,24.35159132,17.64867475,31.08857375,9.30424101,179,140,160.9949749,162,152,171,11.21354954,9608.4,8375.49,8375.49,yes,yes,171,171
p10_00,200,199,49.92995093,2.236067977,24.14172858,24.35159132,17.64867475,31.08857375,9.30424101,41,1,16.01005025,15,9,21,8.484090905,1317.92,1327.53,1327.53,yes,yes,7,7
p10_1030,200,199,49.92995093,2.236067977,24.14172858,24.35159132,17.64867475,31.08857375,9.30424101,59,20,40.99497487,42,32,51,11.21354954,2540.69,2539.25,2539.25,yes,yes,46,46
p10_1050,200,199,49.92995093,2.236067977,24.14172858,24.35159132,17.64867475,31.08857375,9.30424101,99,20,62.4321608,65,44,82,22.46189785,3614.73,3555.94,3555.94,yes,yes,51,51
p10_1090,200,199,49.92995093,2.236067977,24.14172858,24.35159132,17.64867475,31.08857375,9.30424101,179,20,105.3969849,111,69,144,44.94271274,6261.56,5648.83,5648.83,yes,yes,105,105
p10_110,200,199,49.92995093,2.236067977,24.14172858,24.35159132,17.64867475,31.08857375,9.30424101,19,2,11.16080402,12,7,15,5.056889559,1095.25,1116.79,1116.79,yes,yes,6,6
p10_3070,200,199,49.92995093,2.236067977,24.14172858,24.35159132,17.64867475,31.08857375,9.30424101,139,60,102.4321608,105,84,122,22.46189785,6306.07,5556.46,5556.46,yes,yes,92,92
p10_7090,200,199,49.92995093,2.236067977,24.14172858,24.35159132,17.64867475,31.08857375,9.30424101,179,140,160.9949749,162,152,171,11.21354954,9608.4,8375.49,8375.49,yes,yes,171,171
p11_00,200,120,99.28242543,3.16227766,50.99714112,53.2071125,15.84338662,82.11418538,31.35522175,35,2,11.45833333,11,7,14.25,5.361740752,1042.11,1052.49,1052.49,yes,yes,2,2
p11_1030,200,120,99.28242543,3.16227766,50.99714112,53.2071125,15.84338662,82.11418538,31.35522175,59,20,42.3,45,32.75,52,11.24247897,2941.98,2934.65,2934.65,yes,yes,25,25
p11_1050,200,120,99.28242543,3.16227766,50.99714112,53.2071125,15.84338662,82.11418538,31.35522175,99,21,65.03333333,70.5,45.75,84,22.47588832,4338.49,4309.68,4309.68,yes,yes,31,31
p11_1090,200,120,99.28242543,3.16227766,50.99714112,53.2071125,15.84338662,82.11418538,31.35522175,179,22,110.5833333,121.5,71.5,149,44.99344088,7804.21,7079.25,7079.25,yes,yes,66,66
p11_110,200,120,99.28242543,3.16227766,50.99714112,53.2071125,15.84338662,82.11418538,31.35522175,19,2,11.73333333,13,7,16,5.075649931,1045.91,1064.7,1064.7,yes,yes,2,2
p11_3070,200,120,99.28242543,3.16227766,50.99714112,53.2071125,15.84338662,82.11418538,31.35522175,139,61,105.0333333,110.5,85.75,124,22.47588832,7765.78,6796.52,6796.52,yes,yes,59,59
p11_7090,200,120,99.28242543,3.16227766,50.99714112,53.2071125,15.84338662,82.11418538,31.35522175,179,140,162.3,165,152.75,172,11.24247897,12239.31,10551.92,10551.92,yes,yes,111,111
