initial_name,capacity,number_of_nodes,highest_dist,lowest_dist,mean_dist,median_dist,25th_dist,75th_dist,sd_dist,highest_demand,lowest_demand,mean_demand,median_demand,25th_demand,75th_demand,sd_demand,original_objective,10x_split_objective,rounded_split_objective,split_in_10x,split_in_rounded,num_of_10x_splits,num_of_rounded_splits,highest_split_distance_10x,highest_split_distance_rounded,total_num_of_neighbors,avg_num_of_neighbors
p01_00_tsplib0_NORMALIZED,100,50,43.93176527297759,2.23606797749979,24.02347639445715,24.86931687685298,17.219157025971956,31.208364165265305,9.376170962869669,25,1,9.26,9.0,5.25,12.5,4.975178388761552,522.56,520.20,520.20,no,no,0,0,0.0,0.0,0,0.0
p01_1030_tsplib0_NORMALIZED,100,50,43.93176527297759,2.23606797749979,24.02347639445715,24.86931687685298,17.219157025971956,31.208364165265305,9.376170962869669,28,10,19.62,20.0,15.0,25.0,5.476823897114093,775.58,756.30,756.30,yes,yes,2,2,15.811388300841896,15.811388300841896,0,0.0
p01_1050_tsplib0_NORMALIZED,100,50,43.93176527297759,2.23606797749979,24.02347639445715,24.86931687685298,17.219157025971956,31.208364165265305,9.376170962869669,46,11,30.12,30.5,21.0,40.75,10.873159614389921,1033.25,1023.06,1023.06,yes,yes,7,7,32.449961479175904,32.449961479175904,0,0.0
p01_1090_tsplib0_NORMALIZED,100,50,43.93176527297759,2.23606797749979,24.02347639445715,24.86931687685298,17.219157025971956,31.208364165265305,9.376170962869669,82,12,51.1,52.0,32.25,72.5,21.788299612406657,1681.44,1509.18,1509.18,yes,yes,16,16,39.408120990476064,39.408120990476064,0,0.0
p01_10_NORMALIZED,100,50,68.62215385719105,10.295630140987,40.218700071933796,40.180782917629685,27.090153570090454,52.466652019124105,14.959818331912736,50,13,34.28,35.5,25.25,44.75,11.412344193898114,1767.79,1733.16,1733.16,yes,yes,3,3,20.518284528683193,20.518284528683193,40,0.8
p01_110_tsplib0_NORMALIZED,100,50,43.93176527297759,2.23606797749979,24.02347639445715,24.86931687685298,17.219157025971956,31.208364165265305,9.376170962869669,8,0,4.86,5.0,3.0,7.0,2.5768973592287296,459.50,451.53,451.53,no,no,0,0,0.0,0.0,0,0.0
p01_11_NORMALIZED,100,50,63.655321851358195,3.605551275463989,36.99035439298616,40.06795212248625,28.61310089847444,47.58816077971916,13.87565068316759,48,12,29.9,30.0,20.25,39.75,11.103603018840326,1498.78,1472.57,1472.57,yes,yes,3,3,43.139309220245984,43.139309220245984,16,0.32
p01_12_NORMALIZED,100,50,67.20863039818622,7.280109889280518,42.05643077847119,44.09186586923341,33.58379459066149,50.8602084412353,13.964835486881382,50,13,34.66,36.0,28.25,42.75,10.34139255613092,1872.03,1835.05,1835.05,yes,yes,5,5,53.2634959423431,53.2634959423431,27,0.54
p01_13_NORMALIZED,100,50,64.35060217278468,7.0710678118654755,36.98010790485218,39.26668921450267,26.38127924758604,48.22337043861282,14.797013865827427,49,13,30.44,31.0,20.0,40.0,11.159139751790905,1544.96,1511.10,1511.10,yes,yes,4,4,49.040799340956916,49.040799340956916,18,0.36
p01_14_NORMALIZED,100,50,69.31089380465383,15.297058540778355,42.88749730945918,44.07894678981141,35.60858289235517,50.39167572145163,13.33726263260687,50,13,30.9,34.5,18.0,42.75,12.361634196173256,1713.85,1703.62,1703.62,yes,yes,8,8,35.90264614203248,35.90264614203248,29,0.58
p01_15_NORMALIZED,100,50,67.89698078707183,4.47213595499958,33.17839366558377,33.99994911440354,22.388561094809482,46.37578233072971,14.910204350428975,50,13,32.2,31.5,23.0,43.0,10.969047360641671,1433.69,1419.44,1419.44,yes,yes,1,1,24.351591323771842,24.351591323771842,18,0.36
p01_16_NORMALIZED,100,50,65.79513659838392,12.041594578792296,40.9709670523019,41.14606507306847,32.43677324489565,48.661835633149664,12.34827351491664,50,15,34.1,34.5,28.0,41.0,9.287087810503355,1848.86,1766.21,1766.21,yes,yes,3,3,41.182520563948,41.182520563948,32,0.64
p01_17_NORMALIZED,100,50,62.625873247404705,4.0,38.29846844254624,42.14352234422631,26.780989281529944,49.87941840313995,14.461234904228967,50,12,29.94,29.0,22.0,40.0,10.509823975690553,1539.36,1502.10,1502.10,yes,yes,4,4,44.94441010848846,44.94441010848846,28,0.56
p01_18_NORMALIZED,100,50,67.17886572427373,4.123105625617661,37.60047469618146,38.974721734128586,24.436166260179423,49.671418632429074,15.332459118543834,50,12,31.2,31.0,24.25,39.5,9.77957054271812,1596.76,1561.95,1561.95,yes,yes,9,9,47.634021455258214,47.634021455258214,24,0.48
p01_19_NORMALIZED,100,50,62.625873247404705,3.1622776601683795,39.14826142696249,42.58499464008495,29.254165509901817,48.97947240447354,14.963075460820223,48,13,30.02,30.5,23.25,38.0,10.008975971596694,1608.32,1573.55,1573.55,yes,yes,4,4,41.19465984809196,41.19465984809196,32,0.64
p01_1_NORMALIZED,100,50,68.62215385719105,6.082762530298219,41.324030530567846,43.834917217594096,31.41895482683034,49.20615446536897,14.369568563763382,50,12,30.12,29.0,21.25,40.25,10.586104099242553,1690.42,1668.69,1668.69,yes,yes,5,5,43.840620433565945,43.840620433565945,19,0.38
p01_20_NORMALIZED,100,50,66.48308055437865,1.0,33.759806045239095,36.91178362449914,22.30283484137968,43.66904849899392,15.486623124097703,49,12,30.56,27.5,21.25,40.0,10.95656880597206,1471.17,1428.70,1428.70,yes,yes,7,7,48.33218389437829,48.33218389437829,10,0.2
p01_21_NORMALIZED,100,50,69.29646455628166,8.54400374531753,37.77216753633711,38.19685626657959,25.004845042544726,49.32996138436705,16.192077062776118,50,13,29.5,25.5,21.0,40.0,11.44071676076285,1545.97,1520.99,1520.99,yes,yes,2,2,41.88078318274385,41.88078318274385,22,0.44
p01_22_NORMALIZED,100,50,69.29646455628166,11.045361017187261,39.38721968732702,41.31465829649865,29.394451728290388,49.89455525624054,14.65902197632022,50,12,30.38,31.0,20.25,41.0,10.727329583824671,1652.23,1589.06,1589.06,yes,yes,7,7,50.0,50.0,27,0.54
p01_23_NORMALIZED,100,50,62.22539674441618,2.0,40.74452576786101,43.48912588651968,34.20729059300547,48.401613787076016,13.30051201841905,48,12,28.42,28.0,22.25,33.0,9.378891192459799,1567.65,1530.92,1530.92,yes,yes,3,3,47.01063709417264,47.01063709417264,26,0.52
p01_24_NORMALIZED,100,50,67.94115100585212,5.0,36.82654919084357,38.29587231886916,27.927644010729217,48.611289540971484,15.81914266622494,50,14,33.92,35.0,28.25,43.0,10.341837360933502,1706.64,1672.87,1672.87,yes,yes,8,8,59.464274989274024,59.464274989274024,19,0.38
p01_25_NORMALIZED,100,50,67.20863039818622,6.708203932499369,42.28510865687463,45.10556829237209,32.34548971661709,55.10090344787997,15.942696944880641,49,13,31.9,33.0,23.0,41.0,10.67941945987702,1785.02,1772.80,1772.80,yes,yes,6,6,56.302753041036986,56.302753041036986,61,1.22
p01_26_NORMALIZED,100,50,59.81638571495272,2.23606797749979,38.13029089170847,41.64731803085952,26.10073337975915,49.84380571767538,14.66631911945511,50,12,29.56,29.0,20.0,38.75,11.725459479269885,1569.68,1539.30,1539.30,yes,yes,5,5,41.677331968349414,41.677331968349414,34,0.68
p01_27_NORMALIZED,100,50,66.48308055437865,7.211102550927978,36.27319678435683,37.997392015009645,26.36234132752681,46.38901530695672,14.691330608332423,50,13,30.04,28.5,20.0,41.25,11.35950703155731,1541.07,1516.24,1516.24,yes,yes,4,4,33.301651610693426,33.301651610693426,15,0.3
p01_28_NORMALIZED,100,50,67.94115100585212,1.4142135623730951,40.66353765178521,41.10960958218893,33.58418688695782,50.20743965999321,15.031856360471476,50,13,30.16,30.0,20.0,39.75,11.071332349812286,1599.65,1591.00,1591.00,yes,yes,4,4,41.78516483155236,41.78516483155236,29,0.58
p01_29_NORMALIZED,100,50,65.19202405202648,7.211102550927978,37.65530436090157,38.70429341234042,28.195677609535537,47.79608205767505,15.053838496804321,48,12,31.54,30.5,23.25,40.0,10.381156004992892,1604.95,1575.05,1575.05,yes,yes,6,6,46.87216658103186,46.87216658103186,23,0.46
p01_2_NORMALIZED,100,50,62.93647591023825,5.0,36.44389894439489,38.15815265293891,24.238340185663525,47.296706707785475,14.385486774201738,50,12,29.66,28.0,22.0,39.5,10.708146431572553,1442.24,1423.98,1423.98,yes,yes,2,2,49.9799959983992,49.9799959983992,14,0.28
p01_3070_tsplib0_NORMALIZED,100,50,43.93176527297759,2.23606797749979,24.02347639445715,24.86931687685298,17.219157025971956,31.208364165265305,9.376170962869669,66,31,50.12,50.5,41.0,60.75,10.873159614389921,1653.60,1505.94,1505.94,yes,yes,16,16,32.55764119219941,32.55764119219941,0,0.0
p01_30_NORMALIZED,100,50,67.20863039818622,2.0,38.40583663929718,43.62203294536301,27.75197135249581,49.95491870708115,16.43933429417439,48,12,29.96,29.5,19.0,39.75,10.945245543157084,1585.02,1562.01,1562.01,yes,yes,5,5,39.44616584663204,39.44616584663204,26,0.52
p01_3_NORMALIZED,100,50,63.655321851358195,5.0990195135927845,34.928734582977256,37.69215087454884,23.31298996105592,47.08400991041915,15.199457241359934,50,14,32.8,34.0,22.25,41.0,10.68831137270991,1528.00,1512.04,1512.04,yes,yes,7,7,19.209372712298546,19.209372712298546,23,0.46
p01_4_NORMALIZED,100,50,70.00714249274856,5.385164807134504,38.172504038905856,39.315407570006556,26.67953232930735,47.66544564963441,14.818229833543409,49,12,32.06,32.0,23.25,43.0,10.672225634796145,1644.63,1597.97,1597.97,yes,yes,4,4,55.60575509783138,55.60575509783138,35,0.7
p01_5_NORMALIZED,100,50,66.46803743153546,7.0710678118654755,40.05197926637871,44.54049582613831,28.609435000750814,51.312429180529286,14.786445037451358,48,12,32.22,32.5,23.0,40.0,10.454262288655283,1725.15,1697.79,1697.79,yes,yes,6,6,39.6232255123179,39.6232255123179,39,0.78
p01_6_NORMALIZED,100,50,65.06919393998976,5.0,40.09672931039148,42.91227142554614,30.19847383794854,52.45946657352246,15.913902683163313,50,13,30.32,29.0,20.0,41.0,11.612820501497472,1662.19,1607.99,1607.99,yes,yes,5,5,47.50789408087881,47.50789408087881,43,0.86
p01_7090_tsplib0_NORMALIZED,100,50,43.93176527297759,2.23606797749979,24.02347639445715,24.86931687685298,17.219157025971956,31.208364165265305,9.376170962869669,88,70,79.62,80.0,75.0,85.0,5.476823897114092,2402.34,2210.90,2210.90,yes,yes,28,28,39.408120990476064,39.408120990476064,0,0.0
p01_7_NORMALIZED,100,50,63.89053137985315,2.23606797749979,36.996511891858766,40.073181657435896,22.544389877886346,50.20160730356601,16.554096406495674,49,13,30.2,30.0,21.25,38.0,10.628264204469138,1602.60,1566.14,1566.14,yes,yes,8,8,51.478150704935004,51.478150704935004,25,0.5
p01_8_NORMALIZED,100,50,65.94694837519019,5.385164807134504,37.19070064321713,38.768284374171685,27.228078267751503,48.66894092001664,14.795667800630344,50,12,33.1,36.0,22.25,41.75,11.508692367076288,1672.69,1644.21,1644.21,yes,yes,4,4,44.40720662234904,44.40720662234904,17,0.34
p01_9_NORMALIZED,100,50,67.88225099390856,6.324555320336759,41.87112699896263,43.1993457591726,32.21772838977627,52.90688334697298,14.599613824918201,50,13,31.08,31.0,23.25,36.0,10.130824250770518,1705.12,1648.71,1648.71,yes,yes,5,5,50.21951811795888,50.21951811795888,42,0.84
p02_00_tsplib0_NORMALIZED,100,75,43.266615305567875,3.0,24.20571192308533,23.600847442411894,16.979994118084186,31.953029312684095,10.085807369596377,26,0,12.546666666666667,12.0,8.0,17.0,5.676368165962772,828.05,828.44,828.44,yes,yes,8,8,18.439088914585774,18.439088914585774,0,0.0
p02_1030_tsplib0_NORMALIZED,100,75,43.266615305567875,3.0,24.20571192308533,23.600847442411894,16.979994118084186,31.953029312684095,10.085807369596377,29,10,20.053333333333335,20.0,15.0,25.5,5.6988731829683275,1128.89,1118.87,1118.87,yes,yes,6,6,33.1058907144937,33.1058907144937,0,0.0
p02_1050_tsplib0_NORMALIZED,100,75,43.266615305567875,3.0,24.20571192308533,23.600847442411894,16.979994118084186,31.953029312684095,10.085807369596377,49,10,30.893333333333334,32.0,21.5,42.0,11.481664610248039,1534.49,1515.08,1515.08,yes,yes,9,9,33.1058907144937,33.1058907144937,0,0.0
p02_1090_tsplib0_NORMALIZED,100,75,43.266615305567875,3.0,24.20571192308533,23.600847442411894,16.979994118084186,31.953029312684095,10.085807369596377,89,12,52.68,54.0,33.5,74.5,22.80067835248182,2488.45,2307.99,2307.99,yes,yes,30,30,41.23105625617661,41.23105625617661,0,0.0
p02_10_NORMALIZED,100,75,67.17886572427373,5.656854249492381,40.477693179570366,42.720018726587654,31.983989142827745,48.02603206724423,12.943326009720034,49,12,32.4,35.0,24.5,40.0,10.23848947192244,2541.05,2490.26,2490.26,yes,yes,12,12,51.62363799656123,51.62363799656123,35,0.4666666666666667
p02_110_tsplib0_NORMALIZED,100,75,43.266615305567875,3.0,24.20571192308533,23.600847442411894,16.979994118084186,31.953029312684095,10.085807369596377,9,0,4.973333333333334,5.0,2.5,7.0,2.6631977437325642,601.65,592.33,592.33,no,no,0,0,0.0,0.0,0,0.0
p02_11_NORMALIZED,100,75,67.88225099390856,11.045361017187261,38.071760838181824,41.23105625617661,28.76921035683995,47.78063466974619,12.930365811283867,48,12,28.76,29.0,18.0,38.0,11.334713641435028,2124.50,2096.31,2096.31,yes,yes,6,6,46.010868281309364,46.010868281309364,33,0.44
p02_12_NORMALIZED,100,75,67.17886572427373,0.0,38.91426903784302,40.792156108742276,27.756816492197604,49.09610132586237,14.101524690036374,49,12,30.36,30.0,22.0,37.5,9.711354179515853,2315.74,2279.86,2279.86,yes,yes,6,6,39.395431207184416,39.395431207184416,51,0.68
p02_13_NORMALIZED,100,75,61.61980201201558,1.0,36.34703206647044,36.138621999185304,26.513905738138433,47.57385123210116,13.231273305782146,50,12,29.626666666666665,27.0,20.0,38.5,11.348742465822173,2152.20,2119.42,2119.42,yes,yes,9,9,44.553338819890925,44.553338819890925,30,0.4
p02_14_NORMALIZED,100,75,65.11528238439882,5.830951894845301,38.39134666033688,36.68787265568828,28.74711225730053,48.057234709926995,12.539982785973324,50,12,30.266666666666666,31.0,20.0,41.5,11.369354520913763,2261.27,2218.59,2218.59,yes,yes,15,15,61.71709649683789,61.71709649683789,41,0.5466666666666666
p02_15_NORMALIZED,100,75,67.26812023536856,4.242640687119285,37.794728793054745,38.897300677553446,26.248249624028205,49.52759610632721,14.827850219303699,50,12,31.44,32.0,20.0,42.0,12.24008714565927,2324.14,2277.91,2277.91,yes,yes,11,11,58.89821729050889,58.89821729050889,41,0.5466666666666666
p02_16_NORMALIZED,100,75,70.00714249274856,8.602325267042627,40.1425951687366,40.496913462633174,31.390248582070704,50.80161257466626,14.199015920792712,49,12,28.226666666666667,26.0,21.5,35.0,9.83676550272271,2250.89,2218.13,2218.13,yes,yes,7,7,48.08326112068523,48.08326112068523,54,0.72
p02_17_NORMALIZED,100,75,62.80127387243033,8.94427190999916,36.17087117671967,37.44329045369811,28.115796687946922,45.847319317591726,12.3515752700003,50,12,32.50666666666667,34.0,25.0,42.0,10.236370884688034,2283.98,2200.43,2200.43,yes,yes,12,12,39.05124837953327,39.05124837953327,16,0.21333333333333335
p02_18_NORMALIZED,100,75,69.31089380465383,3.0,37.4381024396591,40.718546143004666,25.287484987966415,50.20941863705963,15.99172137026711,48,12,30.30666666666667,31.0,20.0,39.0,10.596821326332828,2264.92,2234.25,2234.25,yes,yes,13,13,51.31276644267,51.31276644267,54,0.72
p02_19_NORMALIZED,100,75,69.29646455628166,5.0,41.01338322878384,43.104524124504614,31.99149077017532,49.925306362250254,13.395859912509522,50,12,27.386666666666667,25.0,16.0,35.0,11.565342863726764,2172.14,2164.51,2164.51,yes,yes,6,6,56.72741841473134,56.72741841473134,54,0.72
p02_1_NORMALIZED,100,75,67.20863039818622,2.23606797749979,39.34221319758654,41.677331968349414,28.25493705907852,49.869660230891775,13.568232286569733,50,12,32.25333333333333,33.0,22.0,42.0,11.232207658732493,2377.70,2326.28,2326.28,yes,yes,9,9,44.01136216933077,44.01136216933077,55,0.7333333333333333
p02_20_NORMALIZED,100,75,64.53681120105021,2.23606797749979,37.66540766603775,40.0,28.834791499823723,46.61544808322666,14.792691844889195,50,12,28.04,26.0,20.0,37.5,11.10368107130844,2136.85,2098.20,2098.20,yes,yes,13,13,46.09772228646444,46.09772228646444,31,0.41333333333333333
p02_21_NORMALIZED,100,75,66.48308055437865,3.605551275463989,38.50103601551321,41.036569057366385,27.366303056620215,49.58032784276179,15.001451898582642,50,12,32.77333333333333,34.0,23.0,42.0,11.162524604924979,2498.16,2444.82,2444.82,yes,yes,12,12,49.040799340956916,49.040799340956916,48,0.64
p02_22_NORMALIZED,100,75,63.12685640834652,1.4142135623730951,38.19722935984832,41.10960958218893,29.060219778561034,49.331050121192874,14.307981545200857,50,12,30.36,27.0,20.0,41.0,11.513053461180487,2289.82,2263.99,2263.99,yes,yes,9,9,45.48626166217664,45.48626166217664,42,0.56
p02_23_NORMALIZED,100,75,67.89698078707183,1.0,39.409603768092175,43.0,30.080788616645314,49.6134936870939,14.647973608727407,48,12,31.0,32.0,23.0,39.5,10.031948963187562,2393.32,2368.55,2368.55,yes,yes,6,6,40.496913462633174,40.496913462633174,47,0.6266666666666667
p02_24_NORMALIZED,100,75,70.00714249274856,1.4142135623730951,38.93573653482779,40.01249804748511,31.320854434563,48.078054495079314,15.380347432913966,50,12,29.4,27.0,20.5,38.0,11.040531388177532,2321.96,2282.50,2282.50,yes,yes,11,11,51.66236541235796,51.66236541235796,37,0.49333333333333335
p02_25_NORMALIZED,100,75,64.53681120105021,9.486832980505138,39.45190782908531,41.88078318274385,27.027711128193587,49.78777051566135,14.539152954878652,49,12,27.453333333333333,27.0,17.5,35.5,10.891333965844385,2167.84,2146.96,2146.96,yes,yes,6,6,57.28001396647874,57.28001396647874,52,0.6933333333333334
p02_26_NORMALIZED,100,75,65.11528238439882,2.23606797749979,38.00975450125677,39.66106403010388,27.901438774457844,48.92824609774037,12.823100096603945,50,12,30.666666666666668,30.0,20.0,40.0,11.641687544720003,2242.81,2204.44,2204.44,yes,yes,8,8,41.593268686170845,41.593268686170845,41,0.5466666666666666
p02_27_NORMALIZED,100,75,67.89698078707183,6.324555320336759,39.36510455389442,40.19950248448356,29.91234749559829,49.49747055998586,13.434850580770448,50,12,29.293333333333333,27.0,18.0,41.0,11.925069764529216,2282.31,2211.69,2211.69,yes,yes,13,13,46.04345773288535,46.04345773288535,35,0.4666666666666667
p02_28_NORMALIZED,100,75,64.4437739428721,5.0,37.88624528131554,39.20459156782532,27.14593808274472,48.882344996183505,14.731115090763803,50,12,30.586666666666666,29.0,20.0,42.0,11.936602904046396,2164.03,2132.87,2132.87,yes,yes,7,7,34.713109915419565,34.713109915419565,43,0.5733333333333334
p02_29_NORMALIZED,100,75,68.62215385719105,4.123105625617661,39.24947545996434,41.86884283091664,26.92582403567252,49.126588137710876,14.562463486111263,50,12,29.826666666666668,29.0,19.5,40.0,11.902238818343752,2276.42,2175.43,2175.43,yes,yes,14,14,51.73973328110612,51.73973328110612,50,0.6666666666666666
p02_2_NORMALIZED,100,75,65.79513659838392,6.708203932499369,39.74596312856847,41.7612260356422,29.18388981059486,50.11724207245419,14.634380125210038,49,12,30.466666666666665,30.0,19.5,41.5,11.707927039213882,2399.36,2334.34,2334.34,yes,yes,5,5,48.30113870293329,48.30113870293329,51,0.68
p02_3070_tsplib0_NORMALIZED,100,75,43.266615305567875,3.0,24.20571192308533,23.600847442411894,16.979994118084186,31.953029312684095,10.085807369596377,69,30,50.89333333333333,52.0,41.5,62.0,11.481664610248037,2491.98,2257.30,2257.30,yes,yes,24,24,33.24154027718932,33.24154027718932,0,0.0
p02_30_NORMALIZED,100,75,68.59300255857006,8.246211251235321,37.983440770207196,39.92492955535426,28.397948903605077,46.93606757480628,13.19563920099473,50,12,31.84,32.0,20.5,42.0,12.021136940128972,2403.71,2355.20,2355.20,yes,yes,15,15,46.861498055439924,46.861498055439924,43,0.5733333333333334
p02_3_NORMALIZED,100,75,63.7808748764079,7.810249675906654,37.57644909669644,38.07886552931954,26.501316828241556,47.233078375436904,15.338746361748333,49,13,31.773333333333333,31.0,24.0,41.5,10.408423938756957,2322.06,2266.50,2266.50,yes,yes,10,10,54.20332093147061,54.20332093147061,42,0.56
p02_4_NORMALIZED,100,75,65.76473218982953,11.40175425099138,40.2809299010735,40.162171256046406,30.124547477634607,51.180579164274604,13.962092237130385,50,12,29.813333333333333,31.0,19.0,38.0,11.524690403168705,2354.77,2285.78,2285.78,yes,yes,13,13,48.16637831516918,48.16637831516918,51,0.68
p02_5_NORMALIZED,100,75,69.31089380465383,4.242640687119285,37.85671179024175,40.44749683231337,25.773515389080206,49.96997496573983,16.814360105692554,50,12,31.533333333333335,34.0,22.5,41.0,11.022804644110419,2333.19,2294.33,2294.33,yes,yes,17,17,49.92995093127971,49.92995093127971,40,0.5333333333333333
p02_6_NORMALIZED,100,75,65.19202405202648,9.899494936611665,40.41729361646665,41.86884283091664,32.89959073469437,49.3203225749472,12.37049083048007,50,12,31.30666666666667,32.0,22.0,40.0,10.65078818158022,2447.09,2384.13,2384.13,yes,yes,9,9,46.69047011971501,46.69047011971501,47,0.6266666666666667
p02_7090_tsplib0_NORMALIZED,100,75,43.266615305567875,3.0,24.20571192308533,23.600847442411894,16.979994118084186,31.953029312684095,10.085807369596377,89,70,80.05333333333333,80.0,75.0,85.5,5.6988731829683275,3630.85,3269.51,3269.51,yes,yes,54,54,33.24154027718932,33.24154027718932,0,0.0
p02_7_NORMALIZED,100,75,66.52818951391959,9.486832980505138,39.24320774252844,39.698866482558415,29.849392811090205,48.41487374764082,12.4530041653981,50,12,30.213333333333335,29.0,21.0,38.5,11.42079195541574,2325.93,2278.30,2278.30,yes,yes,10,10,51.66236541235796,51.66236541235796,36,0.48
p02_8_NORMALIZED,100,75,67.88225099390856,12.041594578792296,40.193268040365204,40.311288741492746,29.66490786480839,52.810861497309276,14.290131941379103,50,12,31.933333333333334,32.0,23.0,40.0,10.401709261249113,2493.94,2410.67,2410.67,yes,yes,12,12,60.108235708594876,60.108235708594876,65,0.8666666666666667
p02_9_NORMALIZED,100,75,70.71067811865476,10.198039027185569,40.5797038338636,40.85339643163099,31.080473921668258,49.14770461755224,13.96785488502975,50,12,30.133333333333333,30.0,21.5,39.0,11.150286493578937,2368.75,2323.02,2323.02,yes,yes,9,9,60.108235708594876,60.108235708594876,41,0.5466666666666666
p03_00_tsplib0_NORMALIZED,100,100,49.92995093127971,4.47213595499958,24.9471131062886,24.879418403139947,18.027756377319946,31.68969181081383,9.484806147836833,20,0,7.01,6.0,4.0,9.25,4.437330278444461,826.57,820.93,820.93,no,no,0,0,0.0,0.0,0,0.0
p03_1030_tsplib0_NORMALIZED,100,100,49.92995093127971,4.47213595499958,24.9471131062886,24.879418403139947,18.027756377319946,31.68969181081383,9.484806147836833,29,10,20.84,22.0,16.0,26.0,5.594139790888319,1483.10,1471.75,1471.75,yes,yes,13,13,33.54101966249684,33.54101966249684,0,0.0
p03_1050_tsplib0_NORMALIZED,100,100,49.92995093127971,4.47213595499958,24.9471131062886,24.879418403139947,18.027756377319946,31.68969181081383,9.484806147836833,49,11,32.23,35.0,22.75,42.0,11.195405307535765,2059.95,2046.58,2046.58,yes,yes,26,26,39.66106403010388,39.66106403010388,0,0.0
p03_1090_tsplib0_NORMALIZED,100,100,49.92995093127971,4.47213595499958,24.9471131062886,24.879418403139947,18.027756377319946,31.68969181081383,9.484806147836833,89,12,54.84,60.0,35.75,74.0,22.40880184213337,3459.11,3142.83,3142.83,yes,yes,41,41,34.0,34.0,0,0.0
p03_10_NORMALIZED,100,100,69.31089380465383,10.04987562112089,40.9837560315324,42.71355633983189,31.622776601683793,50.2766368440986,13.613292825317162,50,12,31.23,31.0,23.0,40.0,10.403706070434708,3205.56,3136.13,3136.13,yes,yes,17,17,60.959002616512684,60.959002616512684,75,0.75
p03_110_tsplib0_NORMALIZED,100,100,49.92995093127971,4.47213595499958,24.9471131062886,24.879418403139947,18.027756377319946,31.68969181081383,9.484806147836833,9,1,5.55,6.0,3.0,8.0,2.558808316384797,757.26,762.06,762.06,no,no,0,0,0.0,0.0,0,0.0
p03_11_NORMALIZED,100,100,66.48308055437865,10.770329614269007,41.036533771620306,43.840620433565945,32.46376964274367,50.308939140567674,13.070688429102201,50,13,34.25,37.0,25.75,42.25,10.07012909549823,3540.73,3440.03,3440.03,yes,yes,22,22,54.817880294662984,54.817880294662984,102,1.02
p03_12_NORMALIZED,100,100,66.48308055437865,2.23606797749979,40.27435773424758,40.40369174648873,30.083217912982647,50.38103319167195,14.495382336932405,49,12,30.6,30.0,22.0,41.0,11.009995458672996,3058.74,2995.95,2995.95,yes,yes,17,17,61.40032573203501,61.40032573203501,89,0.89
p03_13_NORMALIZED,100,100,62.369864518050704,6.082762530298219,36.03868906132065,39.557607215607945,24.163905353431854,46.79176442910288,15.651929297739864,49,12,30.88,31.5,23.0,40.0,10.2227980514143,2808.67,2780.20,2780.20,yes,yes,22,22,47.43416490252569,47.43416490252569,65,0.65
p03_14_NORMALIZED,100,100,70.00714249274856,6.324555320336759,39.494620778073,40.91848333991098,29.56277405273886,50.299031834832775,15.41638510144984,50,12,29.65,29.5,18.0,40.0,11.749361684789518,2964.38,2932.48,2932.48,yes,yes,17,17,55.60575509783138,55.60575509783138,75,0.75
p03_15_NORMALIZED,100,100,66.60330322138685,3.0,36.69374463700709,38.709372712298546,27.63248973661971,46.49462124712139,14.028153995238053,50,12,30.88,30.0,21.0,41.25,11.496329849130111,2893.07,2828.26,2828.26,yes,yes,22,22,56.4003546088143,56.4003546088143,56,0.56
p03_16_NORMALIZED,100,100,67.88225099390856,6.324555320336759,37.635419573562636,40.06866721632108,29.221436145726315,46.45264466192684,13.631771474093135,50,12,32.89,35.5,23.0,42.25,11.475970547191205,3118.91,3032.44,3032.44,yes,yes,22,22,55.31726674375732,55.31726674375732,52,0.52
p03_17_NORMALIZED,100,100,70.00714249274856,4.123105625617661,38.64110023492717,39.59165320101143,25.05990430597668,51.04889482681158,15.276301012820856,50,12,33.07,34.0,24.0,43.0,11.158185336334936,3184.83,3128.11,3128.11,yes,yes,19,19,52.630789467763066,52.630789467763066,100,1.0
p03_18_NORMALIZED,100,100,66.48308055437865,3.1622776601683795,39.90975992884557,41.17625217983718,31.713176790747863,49.54278074600484,14.97968832859725,50,12,32.24,33.0,21.75,42.25,11.25443912418562,3187.87,3130.54,3130.54,yes,yes,25,25,60.8276253029822,60.8276253029822,80,0.8
p03_19_NORMALIZED,100,100,67.20863039818622,7.280109889280518,35.80556653246138,34.941638404972,24.15048757375739,48.11963499120938,14.819629053707173,50,13,31.73,32.0,22.75,42.0,10.675069086427499,2972.11,2881.29,2881.29,yes,yes,19,19,48.16637831516918,48.16637831516918,45,0.45
p03_1_NORMALIZED,100,100,67.20863039818622,5.0,36.07034163413057,34.99832049823575,25.597782818955427,46.81032900485701,14.580824887402871,47,12,29.67,29.0,22.0,37.25,9.879326900148612,2741.49,2706.16,2706.16,yes,yes,7,7,49.76946855251722,49.76946855251722,35,0.35
p03_20_NORMALIZED,100,100,64.66065264130884,3.1622776601683795,37.62072450778292,39.16627876673552,27.95961058390775,48.780111636443536,14.415307402532273,50,12,32.13,33.5,23.75,42.0,11.397065411762801,3048.84,2986.51,2986.51,yes,yes,10,10,56.43580423808985,56.43580423808985,67,0.67
p03_21_NORMALIZED,100,100,65.19202405202648,8.06225774829855,39.897560646977965,43.39217097865992,31.192836375849975,50.32891812864648,12.646131994436683,50,12,28.89,26.5,19.0,38.5,11.66267122060808,2955.69,2923.66,2917.81,yes,yes,17,12,52.40229002629561,52.354560450833695,97,0.97
p03_22_NORMALIZED,100,100,69.31089380465383,5.0990195135927845,38.97999004836967,40.582342586561865,29.529279926593496,49.251832835656096,14.589049860391922,50,12,30.67,29.0,21.75,40.25,10.957239615888668,2985.94,2912.90,2912.90,yes,yes,12,12,53.907327887774215,53.907327887774215,65,0.65
p03_23_NORMALIZED,100,100,70.71067811865476,10.04987562112089,39.309046849597266,39.78753553975186,29.785056013410408,49.43667672889886,14.542311913040745,50,12,31.57,31.0,23.75,42.0,11.261665063390938,3134.50,3075.56,3075.56,yes,yes,13,13,52.43090691567332,52.43090691567332,74,0.74
p03_24_NORMALIZED,100,100,69.31089380465383,5.830951894845301,38.332617671854635,41.40815730070317,25.981446278617117,50.24686812063078,15.246652826880304,50,12,31.15,31.0,22.0,40.0,11.023951197279496,2995.72,2930.88,2930.88,yes,yes,20,20,55.21775076911409,55.21775076911409,95,0.95
p03_25_NORMALIZED,100,100,68.62215385719105,4.47213595499958,39.7763046414573,42.883371494038514,32.14136134510626,48.563706065573456,13.963724040168607,48,12,30.18,30.5,21.0,40.0,10.457896538023315,3056.60,3006.66,3006.66,yes,yes,25,25,51.73973328110612,51.73973328110612,66,0.66
p03_26_NORMALIZED,100,100,69.31089380465383,8.602325267042627,39.657122446266264,41.0571087780014,28.665337885197427,50.4345823631853,14.12206214693324,50,13,29.14,29.0,19.75,38.25,10.721958776268448,2946.20,2908.73,2908.73,yes,yes,19,19,62.369864518050704,62.369864518050704,112,1.12
p03_27_NORMALIZED,100,100,67.20863039818622,6.324555320336759,39.626693872525394,41.46666095167981,30.045254521181256,50.50741356386355,15.483382470673476,50,12,30.38,30.5,23.0,38.25,10.512640010958236,3015.97,2932.97,2932.97,yes,yes,16,16,47.43416490252569,47.43416490252569,86,0.86
p03_28_NORMALIZED,100,100,63.41135544995076,4.0,39.80818961575182,40.379392786903054,30.4507724804645,49.36282903787931,13.261524780972536,50,12,31.72,31.5,23.0,42.0,11.225934259561653,3105.86,3055.28,3055.28,yes,yes,23,23,55.86591089385369,55.86591089385369,94,0.94
p03_29_NORMALIZED,100,100,67.17886572427373,4.123105625617661,39.16130295844939,40.80441152620633,28.757544464279153,51.49839999006708,14.077725334603707,50,12,32.23,32.0,23.0,42.25,11.058801924259246,3090.11,3071.22,3071.22,yes,yes,25,25,54.45181356024793,54.45181356024793,99,0.99
p03_2_NORMALIZED,100,100,67.26812023536856,5.0,39.18118949063688,41.46562302721716,28.191225744048754,50.33877844340481,14.990810188205499,50,12,31.36,32.0,23.75,39.0,10.276692074787489,3120.63,3041.24,3041.24,yes,yes,21,21,56.22277118748239,56.22277118748239,69,0.69
p03_3070_tsplib0_NORMALIZED,100,100,49.92995093127971,4.47213595499958,24.9471131062886,24.879418403139947,18.027756377319946,31.68969181081383,9.484806147836833,69,31,52.23,55.0,42.75,62.0,11.195405307535765,3456.04,3061.50,3061.50,yes,yes,36,36,41.036569057366385,41.036569057366385,0,0.0
p03_30_NORMALIZED,100,100,67.88225099390856,1.4142135623730951,38.03689013056362,41.549949543546624,26.004795239760117,49.45945869299182,14.797127734646073,50,12,29.03,30.0,20.0,36.25,10.845694998477507,2792.00,2760.15,2760.15,yes,yes,19,19,48.27007354458868,48.27007354458868,69,0.69
p03_3_NORMALIZED,100,100,66.52818951391959,6.708203932499369,37.58260979141544,38.922992432927174,27.013884129159443,49.040799340956916,14.56562533042107,50,12,33.28,33.0,25.0,44.0,11.292546214206961,3132.24,3089.98,3089.98,yes,yes,15,15,40.36087214122113,40.36087214122113,80,0.8
p03_4_NORMALIZED,100,100,68.59300255857006,3.1622776601683795,38.5788312870395,40.311288741492746,28.569724302094752,49.66821929556151,14.73240565984192,49,12,30.57,30.0,21.75,40.0,10.738021232983291,3047.94,2987.04,2987.04,yes,yes,12,12,54.405882034941776,54.405882034941776,79,0.79
p03_5_NORMALIZED,100,100,66.60330322138685,6.4031242374328485,39.86500445716329,40.15564437074637,30.753755660792084,50.72226136279026,14.347871606281933,49,12,32.55,33.0,23.0,43.0,11.079147079085104,3224.55,3147.12,3147.12,yes,yes,16,16,51.22499389946279,51.22499389946279,86,0.86
p03_6_NORMALIZED,100,100,62.20128616033595,6.324555320336759,37.94060654200384,38.560677558024246,29.066653079120616,48.846618696267555,13.511860538980367,50,12,30.77,30.5,23.0,39.0,10.075569462814496,2923.43,2875.41,2875.41,yes,yes,15,15,45.17742799230607,45.17742799230607,67,0.67
p03_7090_tsplib0_NORMALIZED,100,100,49.92995093127971,4.47213595499958,24.9471131062886,24.879418403139947,18.027756377319946,31.68969181081383,9.484806147836833,89,70,80.84,82.0,76.0,86.0,5.594139790888319,4989.42,4476.02,4476.02,yes,yes,85,85,39.66106403010388,39.66106403010388,0,0.0
p03_7_NORMALIZED,100,100,67.88225099390856,6.4031242374328485,40.038910754167745,42.302224185149115,28.602398034990674,51.49513699756113,14.826517649798634,50,12,31.77,32.0,22.0,42.0,11.512475841451307,3212.59,3098.88,3098.88,yes,yes,19,19,56.22277118748239,56.22277118748239,93,0.93
p03_8_NORMALIZED,100,100,65.94694837519019,2.8284271247461903,38.23757563202785,38.3275357934736,29.916042977185874,47.09828330289021,13.62563061971628,50,13,29.21,28.0,19.75,41.0,10.857527342816136,2863.06,2750.66,2750.66,yes,yes,12,12,49.57822102496216,49.57822102496216,55,0.55
p03_9_NORMALIZED,100,100,67.20863039818622,3.1622776601683795,38.42458517983743,40.607881008493905,27.753324327144373,48.900284049857916,14.74215906024004,50,12,29.69,28.5,21.0,39.0,10.83761505129242,2884.57,2871.51,2871.51,yes,yes,15,15,61.84658438426491,61.84658438426491,74,0.74
p04_00_tsplib0_NORMALIZED,100,150,49.92995093127971,4.47213595499958,24.535005894602957,24.67779227938879,18.006939094329987,31.527332127169498,9.546036826093411,20,0,7.16,7.0,4.0,9.75,4.297410072745366,1005.21,1005.44,1005.44,yes,yes,3,3,9.219544457292887,9.219544457292887,0,0.0
p04_1030_tsplib0_NORMALIZED,100,150,49.92995093127971,4.47213595499958,24.535005894602957,24.67779227938879,18.006939094329987,31.527332127169498,9.546036826093411,29,10,20.846666666666668,22.0,16.25,25.0,5.38855165038704,2061.75,2051.92,2051.92,yes,yes,15,15,25.495097567963924,25.495097567963924,0,0.0
p04_1050_tsplib0_NORMALIZED,100,150,49.92995093127971,4.47213595499958,24.535005894602957,24.67779227938879,18.006939094329987,31.527332127169498,9.546036826093411,49,10,32.21333333333333,34.0,23.25,41.0,10.802213764882744,2979.71,2915.66,2915.66,yes,yes,28,28,41.036569057366385,41.036569057366385,0,0.0
p04_1090_tsplib0_NORMALIZED,100,150,49.92995093127971,4.47213595499958,24.535005894602957,24.67779227938879,18.006939094329987,31.527332127169498,9.546036826093411,89,11,54.84,58.5,37.25,73.0,21.61174989058807,5190.78,4629.49,4629.49,yes,yes,73,73,44.04543109109048,44.04543109109048,0,0.0
p04_10_NORMALIZED,100,150,62.80127387243033,1.4142135623730951,37.31133745083284,39.93110786891383,28.33279274890331,47.830412278275745,13.710729288775218,49,13,31.766666666666666,32.5,22.5,41.0,10.928505031440586,4356.83,4268.72,4268.72,yes,yes,38,38,60.60528029800704,60.60528029800704,109,0.7266666666666667
p04_110_tsplib0_NORMALIZED,100,150,49.92995093127971,4.47213595499958,24.535005894602957,24.67779227938879,18.006939094329987,31.527332127169498,9.546036826093411,9,1,5.573333333333333,6.0,4.0,8.0,2.4639985569981344,915.67,926.70,926.70,no,no,0,0,0.0,0.0,0,0.0
p04_11_NORMALIZED,100,150,70.00714249274856,4.0,39.25528979675214,40.08115551463237,28.078246825073588,50.142288398321554,14.870851454204228,50,12,30.733333333333334,30.5,20.0,41.0,11.782850060811075,4484.34,4384.15,4384.15,yes,yes,38,38,64.66065264130884,64.66065264130884,160,1.0666666666666667
p04_12_NORMALIZED,100,150,67.94115100585212,6.4031242374328485,36.79649924505265,39.70204702615444,25.4803492616271,47.42889326802396,14.56082563966892,49,12,30.04,29.5,20.25,39.0,11.070609739305239,4143.81,4058.71,4058.71,yes,yes,39,39,57.982756057296896,57.982756057296896,104,0.6933333333333334
p04_13_NORMALIZED,100,150,65.29931086925804,0.0,37.50800333656349,39.05124837953327,26.682623426432784,49.398699183840804,14.503437030729716,50,12,31.066666666666666,31.0,22.25,40.0,10.896278671587329,4308.54,4229.22,4229.22,yes,yes,26,26,58.137767414994535,58.137767414994535,114,0.76
p04_14_NORMALIZED,100,150,64.35060217278468,7.211102550927978,38.50224682883174,38.19677776155056,29.56347650152166,49.9273641369287,13.847394067659442,50,13,30.54,30.0,23.0,37.75,10.211516374499269,4338.02,4243.98,4243.98,yes,yes,29,29,55.0,55.0,168,1.12
p04_15_NORMALIZED,100,150,65.79513659838392,1.4142135623730951,38.534388256069434,39.217210466945446,28.540602800321,51.50657421444331,15.263930961491036,50,12,32.54666666666667,34.0,23.5,41.75,10.586523928508777,4550.35,4422.79,4422.79,yes,yes,35,35,47.92702786528704,47.92702786528704,175,1.1666666666666667
p04_16_NORMALIZED,100,150,69.31089380465383,9.0,39.042814659942984,41.17037053548697,28.337188873791305,48.93344792641446,13.148838608891468,50,12,31.453333333333333,31.0,22.25,41.0,10.769454747365605,4481.59,4391.82,4391.82,yes,yes,28,28,65.05382386916237,65.05382386916237,143,0.9533333333333334
p04_17_NORMALIZED,100,150,70.00714249274856,6.0,40.95943664171433,42.60676101361576,32.68353322196308,50.44796670438606,14.10878745061824,50,12,29.466666666666665,29.5,21.0,36.75,10.07880063411427,4392.56,4311.71,4311.71,yes,yes,31,31,64.38167441127949,64.38167441127949,224,1.4933333333333334
p04_18_NORMALIZED,100,150,68.62215385719105,1.4142135623730951,39.20444380101846,40.42889280192715,28.124571083292775,50.58372009331084,15.185681400125535,50,12,31.62,31.0,23.0,40.0,10.40619687173625,4597.74,4483.30,4483.30,yes,yes,23,23,56.72741841473134,56.72741841473134,198,1.32
p04_19_NORMALIZED,100,150,67.26812023536856,4.123105625617661,38.13092267371646,40.1181091484235,27.892222081851127,49.07901296113996,14.157426886657623,50,12,29.053333333333335,27.0,20.0,38.0,11.025296166341997,4048.80,3957.76,3957.76,yes,yes,31,31,58.728187440104094,58.728187440104094,150,1.0
p04_1_NORMALIZED,100,150,68.59300255857006,1.4142135623730951,38.62484041977255,39.86849401507151,27.51108001609863,49.58819408895485,14.198651434101201,50,13,31.66,32.0,22.0,43.0,11.32479874729201,4479.50,4351.09,4351.09,yes,yes,38,38,58.137767414994535,58.137767414994535,148,0.9866666666666667
p04_20_NORMALIZED,100,150,63.25345840347388,4.123105625617661,38.18690806190357,40.28025616824448,29.995790573903207,48.124783736376884,13.148132415102031,50,12,31.686666666666667,32.0,22.0,41.0,11.193531862444292,4449.95,4326.94,4326.94,yes,yes,27,27,49.39635614091387,49.39635614091387,121,0.8066666666666666
p04_21_NORMALIZED,100,150,65.11528238439882,5.0990195135927845,36.61638194966567,36.55783447388711,27.303948049323804,48.13779751311085,13.95208131126672,50,12,29.993333333333332,30.0,22.0,37.0,10.621046192453086,4007.83,3992.86,3992.86,yes,yes,32,32,51.73973328110612,51.73973328110612,115,0.7666666666666667
p04_22_NORMALIZED,100,150,65.11528238439882,3.0,39.455661808072804,41.21085780978798,29.068883707497267,50.75423831652161,14.874948222441594,50,12,31.66,30.5,23.0,43.0,11.148590344373888,4566.25,4444.40,4444.40,yes,yes,45,45,58.82176467941097,58.82176467941097,183,1.22
p04_23_NORMALIZED,100,150,66.52818951391959,7.211102550927978,39.746907953104426,42.10103494998663,30.49179474242913,49.48458036886417,13.647831628776943,49,12,31.626666666666665,33.0,21.25,43.0,11.542701397660583,4515.27,4438.72,4438.72,yes,yes,22,22,55.90169943749474,55.90169943749474,135,0.9
p04_24_NORMALIZED,100,150,67.20863039818622,6.324555320336759,38.64179732525073,38.444448784695425,27.71713786939967,49.03825017784895,13.366057738699373,49,12,30.96,30.5,22.0,39.75,10.342714021635393,4340.20,4204.95,4204.95,yes,yes,33,33,51.894122981316485,51.894122981316485,154,1.0266666666666666
p04_25_NORMALIZED,100,150,67.88225099390856,3.605551275463989,37.559030446516196,37.38979992944353,28.385368078765538,48.19641657402339,15.227362386539657,50,12,30.773333333333333,30.0,22.0,41.0,11.433953335959043,4219.34,4149.91,4149.91,yes,yes,25,25,47.634021455258214,47.634021455258214,155,1.0333333333333334
p04_26_NORMALIZED,100,150,65.85590330410783,5.0,40.25260992032934,42.46095720930302,31.15592033082971,50.41067860300508,13.506568572431881,49,12,30.28,31.0,20.25,39.75,11.148165768412309,4434.29,4355.28,4355.28,yes,yes,25,25,53.03772242470448,53.03772242470448,226,1.5066666666666666
p04_27_NORMALIZED,100,150,65.94694837519019,2.23606797749979,39.316027010840756,42.24294428040952,28.744132237115057,49.736807105494016,15.20559173734583,50,12,30.72,30.5,21.0,40.0,10.856715279801099,4421.00,4299.80,4299.80,yes,yes,33,33,60.876925020897694,60.876925020897694,188,1.2533333333333334
p04_28_NORMALIZED,100,150,67.17886572427373,2.23606797749979,38.50809108443799,40.65707294129457,28.283466151440287,49.64876634922564,14.729797046552498,50,12,31.093333333333334,30.5,20.25,42.0,11.65524011859997,4429.51,4330.83,4330.83,yes,yes,46,46,61.5223536610881,61.5223536610881,149,0.9933333333333333
p04_29_NORMALIZED,100,150,65.85590330410783,2.23606797749979,38.48292177254834,42.302224185149115,27.60432967917025,48.90753234135259,14.45399824205254,50,12,32.86666666666667,34.0,25.0,41.75,10.49105439039481,4660.34,4510.33,4510.33,yes,yes,33,33,62.24146527838174,62.24146527838174,128,0.8533333333333334
p04_2_NORMALIZED,100,150,69.29646455628166,4.0,40.24146783836254,41.73105575854375,31.885828009701434,49.61344393065839,13.720213781644722,50,12,31.28,30.0,21.0,42.0,11.270681730342078,4566.10,4454.78,4454.78,yes,yes,23,23,64.66065264130884,64.66065264130884,155,1.0333333333333334
p04_3070_tsplib0_NORMALIZED,100,150,49.92995093127971,4.47213595499958,24.535005894602957,24.67779227938879,18.006939094329987,31.527332127169498,9.546036826093411,69,30,52.21333333333333,54.0,43.25,61.0,10.802213764882744,5122.01,4434.75,4434.75,yes,yes,60,60,42.42640687119285,42.42640687119285,0,0.0
p04_30_NORMALIZED,100,150,64.35060217278468,3.1622776601683795,37.71159727366829,40.20569742552131,27.459060435491963,50.351264468204135,15.045556300848029,50,12,31.24,31.5,21.0,40.0,11.431931886897623,4292.08,4239.86,4239.86,yes,yes,33,33,53.907327887774215,53.907327887774215,180,1.2
p04_3_NORMALIZED,100,150,67.26812023536856,5.0,39.903310144648955,41.100574847332375,30.14076311876898,50.76164628881378,14.123001551840488,49,12,30.166666666666668,29.0,20.0,41.0,11.576076863754643,4351.25,4270.35,4270.35,yes,yes,32,32,57.8013840664737,57.8013840664737,200,1.3333333333333333
p04_4_NORMALIZED,100,150,65.05382386916237,1.4142135623730951,39.43182529626363,41.26740455615169,30.858413910759456,49.799586236689336,14.272975179394452,50,12,31.846666666666668,33.0,22.0,42.0,11.337099374276573,4583.42,4463.39,4463.39,yes,yes,44,44,59.033888572581766,59.033888572581766,185,1.2333333333333334
p04_5_NORMALIZED,100,150,65.94694837519019,4.47213595499958,36.84439945925189,38.529165443246086,25.78621080116779,47.09547089047024,14.318411055481882,50,12,30.64,30.0,20.0,42.0,11.775839672821636,4174.94,4095.43,4095.43,yes,yes,35,35,45.967379738244816,45.967379738244816,95,0.6333333333333333
p04_6_NORMALIZED,100,150,65.94694837519019,4.47213595499958,39.433572294104295,41.15213471514045,28.68791319728559,50.06743935910458,14.355023840418502,50,12,30.85333333333333,29.5,23.0,39.0,10.448213031688987,4523.28,4385.35,4385.35,yes,yes,41,41,57.38466694161429,57.38466694161429,185,1.2333333333333334
p04_7090_tsplib0_NORMALIZED,100,150,49.92995093127971,4.47213595499958,24.535005894602957,24.67779227938879,18.006939094329987,31.527332127169498,9.546036826093411,89,70,80.84666666666666,82.0,76.25,85.0,5.38855165038704,7360.50,6530.10,6530.10,yes,yes,137,137,42.42640687119285,42.42640687119285,0,0.0
p04_7_NORMALIZED,100,150,65.85590330410783,2.0,39.978171679677914,42.69060341507647,32.24464831803215,48.659251852194544,13.718325547123658,50,12,31.026666666666667,29.5,21.25,42.0,11.843392907252362,4525.45,4429.26,4429.26,yes,yes,26,26,61.84658438426491,61.84658438426491,163,1.0866666666666667
p04_8_NORMALIZED,100,150,67.94115100585212,4.123105625617661,38.45310906765324,40.28025616824448,28.84537420613656,49.736807105494016,14.556959493583486,50,12,31.726666666666667,33.0,22.0,41.0,11.331311584376374,4399.63,4280.44,4280.44,yes,yes,44,44,49.040799340956916,49.040799340956916,156,1.04
p04_9_NORMALIZED,100,150,65.79513659838392,5.656854249492381,39.09259923535065,40.766741259999776,30.49993325009871,48.808288590450005,13.83842542913011,50,12,31.76,32.0,24.0,41.0,10.58784208420205,4494.26,4395.72,4395.72,yes,yes,33,33,55.44366510251645,55.44366510251645,153,1.02
p10_00_tsplib0_NORMALIZED,100,199,49.92995093127971,2.23606797749979,24.141728584246728,24.351591323771842,17.64867474965038,31.08857375311311,9.304241009537494,20,0,7.723618090452261,7.0,4.0,10.0,4.249622504650801,1276.75,1276.63,1276.63,yes,yes,6,6,25.495097567963924,25.495097567963924,0,0.0
p10_1030_tsplib0_NORMALIZED,100,199,49.92995093127971,2.23606797749979,24.141728584246728,24.351591323771842,17.64867474965038,31.08857375311311,9.304241009537494,29,10,20.246231155778894,21.0,16.0,25.0,5.58665615568413,2513.98,2499.30,2507.86,yes,yes,21,28,32.2490309931942,31.827660925679098,0,0.0
p10_1050_tsplib0_NORMALIZED,100,199,49.92995093127971,2.23606797749979,24.141728584246728,24.351591323771842,17.64867474965038,31.08857375311311,9.304241009537494,49,10,30.99497487437186,32.0,22.0,41.0,11.213549542454308,3609.38,3525.36,3525.36,yes,yes,44,44,41.036569057366385,41.036569057366385,0,0.0
p10_1090_tsplib0_NORMALIZED,100,199,49.92995093127971,2.23606797749979,24.141728584246728,24.351591323771842,17.64867474965038,31.08857375311311,9.304241009537494,89,10,52.4321608040201,55.0,34.0,72.0,22.461897852361474,6208.58,5632.66,5632.66,yes,yes,103,103,44.04543109109048,44.04543109109048,0,0.0
p10_10_NORMALIZED,100,199,64.4437739428721,4.123105625617661,39.22019598344519,39.698866482558415,29.325042838794438,49.457014876736835,13.416121176486127,50,12,30.326633165829147,30.0,21.0,40.0,11.006569268231926,5677.32,5604.31,5604.31,yes,yes,34,34,54.20332093147061,54.20332093147061,239,1.2010050251256281
p10_110_tsplib0_NORMALIZED,100,199,49.92995093127971,2.23606797749979,24.141728584246728,24.351591323771842,17.64867474965038,31.08857375311311,9.304241009537494,9,1,5.306532663316583,6.0,3.0,7.0,2.5285321655556787,1058.88,1064.51,1064.51,yes,yes,2,2,7.0710678118654755,7.0710678118654755,0,0.0
p10_11_NORMALIZED,100,199,66.60330322138685,4.123105625617661,38.68462246165463,39.45883931389772,27.65863337187866,49.96497546563985,14.217177135520403,50,12,30.21608040201005,30.0,20.5,40.0,11.094774120163741,5609.89,5475.98,5475.98,yes,yes,59,59,58.25804665451803,58.25804665451803,321,1.6130653266331658
p10_12_NORMALIZED,100,199,68.62215385719105,5.0,39.64069456968984,41.7612260356422,29.103081866510234,49.77447093247501,15.121360224450298,50,12,30.99497487437186,31.0,22.0,40.0,10.738788702098269,5804.42,5708.27,5708.27,yes,yes,36,36,65.79513659838392,65.79513659838392,260,1.306532663316583
p10_13_NORMALIZED,100,199,68.59300255857006,5.0,36.886867964918174,38.07886552931954,23.725786663324293,48.85538613659553,15.67404078893717,50,12,30.396984924623116,29.0,21.0,39.5,11.186773909725288,5307.96,5235.10,5235.10,yes,yes,43,43,58.7962583843564,58.7962583843564,251,1.2613065326633166
p10_14_NORMALIZED,100,199,65.79513659838392,5.0,39.36806487498831,41.617304093369626,30.63446801247718,49.3203225749472,13.630061759823416,50,12,30.944723618090453,31.0,20.0,40.0,11.381107496117673,5786.39,5660.53,5660.53,yes,yes,63,63,60.876925020897694,60.876925020897694,275,1.3819095477386936
p10_15_NORMALIZED,100,199,67.89698078707183,4.0,38.4819749326775,40.19950248448356,28.178005607210743,48.420014877000916,13.498628899455017,49,12,31.92462311557789,33.0,22.0,43.0,11.392025189723062,5904.43,5757.72,5757.72,yes,yes,44,44,54.91812087098393,54.91812087098393,225,1.1306532663316582
p10_16_NORMALIZED,100,199,70.71067811865476,5.385164807134504,39.62515251322774,41.400483088968905,28.737181995619547,50.78877614133329,14.463367410328576,50,12,30.98994974874372,32.0,21.0,42.0,11.269646139878475,5888.91,5755.71,5755.71,yes,yes,51,51,62.93647591023825,62.93647591023825,288,1.4472361809045227
p10_17_NORMALIZED,100,199,70.71067811865476,5.0,39.01911533523488,39.319206502675,28.730249470757705,50.48251848178833,14.999199149923149,50,12,31.472361809045225,33.0,22.0,40.0,10.58813168660141,5800.86,5674.00,5674.00,yes,yes,42,42,63.702433234531945,63.702433234531945,295,1.4824120603015076
p10_18_NORMALIZED,100,199,67.26812023536856,2.23606797749979,40.197874895030964,41.23105625617661,30.739130892754616,51.176120628999186,14.219216937136489,50,12,31.763819095477388,32.0,21.0,41.0,11.307910580470503,5937.38,5833.20,5833.20,yes,yes,36,36,58.137767414994535,58.137767414994535,329,1.6532663316582914
p10_19_NORMALIZED,100,199,67.94115100585212,2.8284271247461903,38.34839121953243,38.600518131237564,28.64366775518385,48.54296825549471,13.48100791078966,50,12,30.743718592964825,31.0,22.0,40.0,10.384064339275692,5623.10,5495.49,5495.49,yes,yes,42,42,58.7962583843564,58.7962583843564,203,1.020100502512563
p10_1_NORMALIZED,100,199,65.85590330410783,7.615773105863909,38.36122815207467,40.19950248448356,28.151061349852853,50.00499950009997,14.290035667838312,50,12,31.497487437185928,32.0,22.0,41.0,11.378315960151491,5733.23,5602.75,5602.75,yes,yes,51,51,56.22277118748239,56.22277118748239,308,1.5477386934673367
p10_20_NORMALIZED,100,199,68.59300255857006,4.123105625617661,38.140090041935984,39.84971769034255,30.174354906912882,48.2130461816119,13.698177406368055,50,12,31.376884422110553,32.0,20.5,41.0,11.664646942069192,5749.77,5607.78,5607.78,yes,yes,54,54,50.59644256269407,50.59644256269407,189,0.949748743718593
p10_21_NORMALIZED,100,199,67.94115100585212,4.47213595499958,39.5962425858648,41.78516483155236,31.454791676666026,48.58491579246268,14.19947218270021,50,12,30.396984924623116,30.0,22.0,38.0,10.237294660436264,5676.46,5582.62,5582.62,yes,yes,48,48,51.85556864985669,51.85556864985669,239,1.2010050251256281
p10_22_NORMALIZED,100,199,70.00714249274856,4.47213595499958,37.97763028751557,39.6232255123179,28.26656591157801,49.24428900898052,14.921102380093854,50,12,30.497487437185928,30.0,21.0,40.0,11.187247932360014,5514.92,5383.94,5383.94,yes,yes,43,43,52.839379254491625,52.839379254491625,302,1.5175879396984924
p10_23_NORMALIZED,100,199,68.62215385719105,5.830951894845301,38.673762261437446,41.0,27.376874281702165,49.694043405504594,14.605134774867645,50,13,30.190954773869347,29.0,21.5,38.0,10.268932440145186,5423.13,5291.38,5291.38,yes,yes,45,45,54.08326913195984,54.08326913195984,268,1.3467336683417086
p10_24_NORMALIZED,100,199,67.26812023536856,1.4142135623730951,36.30295638477586,37.656340767525464,25.39592678687987,46.88811358518704,14.594515419777633,50,12,31.035175879396984,31.0,20.0,40.5,11.298764500617898,5341.08,5254.90,5254.90,yes,yes,35,35,58.05170109479997,58.05170109479997,173,0.8693467336683417
p10_25_NORMALIZED,100,199,70.71067811865476,10.198039027185569,38.48186980203569,38.8329756778952,30.610455730027933,47.55507733338328,13.067854151201084,50,12,31.618090452261306,32.0,23.0,41.0,10.845876616009784,5823.32,5688.76,5688.76,yes,yes,44,44,65.05382386916237,65.05382386916237,183,0.9195979899497487
p10_26_NORMALIZED,100,199,64.53681120105021,4.47213595499958,38.024388000023656,41.012193308819754,27.156600150062477,48.295948971216454,13.893535883072005,50,12,31.934673366834172,32.0,22.0,42.0,10.970071380776924,5750.82,5623.47,5623.47,yes,yes,47,47,57.30619512757761,57.30619512757761,269,1.3517587939698492
p10_27_NORMALIZED,100,199,65.94694837519019,2.23606797749979,38.19143957458063,38.27531841800928,28.397948903605077,49.42616578836796,14.692727955657018,50,12,31.718592964824122,32.0,22.0,42.0,11.481302520532708,5788.51,5673.46,5673.46,yes,yes,50,50,60.959002616512684,60.959002616512684,238,1.1959798994974875
p10_28_NORMALIZED,100,199,70.71067811865476,1.4142135623730951,38.58628803078185,38.58756276314948,28.999584838969206,48.656842868349926,14.751301250003511,50,12,32.97989949748744,34.0,23.0,42.0,11.058074109218776,6041.34,5916.82,5916.82,yes,yes,70,70,64.53681120105021,64.53681120105021,173,0.8693467336683417
p10_29_NORMALIZED,100,199,70.00714249274856,2.23606797749979,38.45373278796801,40.311288741492746,26.785330255586423,49.64876634922564,15.005656638546883,50,12,29.391959798994975,29.0,20.0,38.0,10.394100359811867,5458.26,5342.81,5342.81,yes,yes,42,42,57.3149195236284,57.3149195236284,281,1.4120603015075377
p10_2_NORMALIZED,100,199,65.94694837519019,2.23606797749979,38.05539918527686,40.11234224026316,27.558846903685314,49.16801992175742,14.467175109996415,50,12,30.64321608040201,31.0,21.0,41.0,11.248153023529973,5541.45,5404.03,5404.07,yes,yes,56,60,56.85068161420758,59.464274989274024,261,1.3115577889447236
p10_3070_tsplib0_NORMALIZED,100,199,49.92995093127971,2.23606797749979,24.141728584246728,24.351591323771842,17.64867474965038,31.08857375311311,9.304241009537494,69,30,50.994974874371856,52.0,42.0,61.0,11.21354954245431,6245.63,5512.74,5488.18,yes,yes,105,98,44.04543109109048,41.72529209005013,0,0.0
p10_30_NORMALIZED,100,199,70.00714249274856,2.23606797749979,39.06130288313665,41.14608122288197,29.02855554828874,49.3811681648519,13.997075932486778,50,12,31.28643216080402,31.0,22.0,41.5,11.23451997324841,5827.87,5670.87,5670.87,yes,yes,47,47,56.61271941887264,56.61271941887264,268,1.3467336683417086
p10_3_NORMALIZED,100,199,68.59300255857006,5.385164807134504,37.47214329880898,39.21734310225516,27.386030501493643,48.17148758436993,13.886991281223644,50,12,30.603015075376884,30.0,21.0,40.0,11.105623137905399,5427.82,5333.83,5333.83,yes,yes,45,45,58.89821729050889,58.89821729050889,185,0.9296482412060302
p10_4_NORMALIZED,100,199,68.62215385719105,2.0,39.69124792727517,41.10960958218893,30.959523736693157,49.10189677704217,13.693772702944075,50,12,30.91959798994975,31.0,22.0,40.5,11.129821764148089,5870.91,5771.64,5771.64,yes,yes,60,60,64.4437739428721,64.4437739428721,258,1.2964824120603016
p10_5_NORMALIZED,100,199,68.62215385719105,5.0,38.6848030394785,40.44749683231337,28.7300807818748,50.04995907283636,14.871597283296557,50,12,32.19095477386934,32.0,23.5,42.0,10.801717646445516,5967.52,5861.33,5861.33,yes,yes,52,52,58.60034129593445,58.60034129593445,245,1.2311557788944723
p10_6_NORMALIZED,100,199,67.26812023536856,4.242640687119285,39.98274849500254,43.01162633521314,31.35279431060611,50.13980058025224,14.291752679243686,50,12,30.14070351758794,28.0,21.0,40.5,11.22543332232245,5770.29,5663.37,5663.37,yes,yes,50,50,61.5223536610881,61.5223536610881,277,1.3919597989949748
p10_7090_tsplib0_NORMALIZED,100,199,49.92995093127971,2.23606797749979,24.141728584246728,24.351591323771842,17.64867474965038,31.08857375311311,9.304241009537494,89,70,80.2462311557789,81.0,76.0,85.0,5.58665615568413,9608.40,8328.88,8328.88,yes,yes,181,181,42.42640687119285,42.42640687119285,0,0.0
p10_7_NORMALIZED,100,199,65.76473218982953,3.1622776601683795,38.361649699805774,39.96248240537617,27.955251407103255,49.76872934792277,14.58184019474807,50,12,30.829145728643216,31.0,20.5,41.0,11.352327137244789,5640.17,5516.30,5516.30,yes,yes,52,52,52.478567053607705,52.478567053607705,266,1.3366834170854272
p10_8_NORMALIZED,100,199,67.26812023536856,3.1622776601683795,38.10148369317694,39.81205847478876,27.466895132597493,49.914836914262274,14.64540868856018,50,13,32.040201005025125,34.0,24.0,41.0,10.49998286477659,5753.81,5625.22,5625.22,yes,yes,49,49,57.8013840664737,57.8013840664737,292,1.4673366834170853
p10_9_NORMALIZED,100,199,64.4437739428721,5.0,38.78152259159788,40.607881008493905,29.991247321857635,48.21292126001124,13.112138606810763,50,12,29.753768844221106,29.0,21.0,39.0,10.441253383956068,5509.27,5365.45,5365.45,yes,yes,45,45,55.90169943749474,55.90169943749474,182,0.914572864321608
